fixture_id,date,league_season,league,home_team,away_team,home_score,away_score,home_result
720746,2021-08-13 19:00:00+00:00,2021,La Liga,Valencia,Getafe,1,0,WIN
720743,2021-08-14 17:30:00+00:00,2021,La Liga,Cadiz,Levante,1,1,DRAW
720742,2021-08-14 17:30:00+00:00,2021,La Liga,Mallorca,Real Betis,1,1,DRAW
720739,2021-08-14 20:00:00+00:00,2021,La Liga,Alaves,Real Madrid,1,4,LOSS
720744,2021-08-14 20:00:00+00:00,2021,La Liga,Osasuna,Espanyol,0,0,DRAW
720741,2021-08-15 15:30:00+00:00,2021,La Liga,Celta Vigo,Atletico Madrid,1,2,LOSS
720740,2021-08-15 18:00:00+00:00,2021,La Liga,Barcelona,Real Sociedad,4,2,WIN
720745,2021-08-15 20:15:00+00:00,2021,La Liga,Sevilla,Rayo Vallecano,3,0,WIN
720747,2021-08-16 18:00:00+00:00,2021,La Liga,Villarreal,Granada CF,0,0,DRAW
720748,2021-08-16 20:00:00+00:00,2021,La Liga,Elche,Athletic Club,0,0,DRAW
720752,2021-08-20 19:00:00+00:00,2021,La Liga,Real Betis,Cadiz,1,1,DRAW
720749,2021-08-21 15:00:00+00:00,2021,La Liga,Alaves,Mallorca,0,1,LOSS
720755,2021-08-21 17:30:00+00:00,2021,La Liga,Espanyol,Villarreal,0,0,DRAW
720754,2021-08-21 17:30:00+00:00,2021,La Liga,Granada CF,Valencia,1,1,DRAW
720750,2021-08-21 20:00:00+00:00,2021,La Liga,Athletic Club,Barcelona,1,1,DRAW
720758,2021-08-22 15:00:00+00:00,2021,La Liga,Real Sociedad,Rayo Vallecano,1,0,WIN
720751,2021-08-22 17:30:00+00:00,2021,La Liga,Atletico Madrid,Elche,1,0,WIN
720756,2021-08-22 20:00:00+00:00,2021,La Liga,Levante,Real Madrid,3,3,DRAW
720753,2021-08-23 18:00:00+00:00,2021,La Liga,Getafe,Sevilla,0,1,LOSS
720757,2021-08-23 20:00:00+00:00,2021,La Liga,Osasuna,Celta Vigo,0,0,DRAW
720763,2021-08-27 18:00:00+00:00,2021,La Liga,Mallorca,Espanyol,1,0,WIN
720766,2021-08-27 20:15:00+00:00,2021,La Liga,Valencia,Alaves,3,0,WIN
720762,2021-08-28 15:00:00+00:00,2021,La Liga,Celta Vigo,Athletic Club,0,1,LOSS
720765,2021-08-28 17:30:00+00:00,2021,La Liga,Real Sociedad,Levante,1,0,WIN
720768,2021-08-28 17:30:00+00:00,2021,La Liga,Elche,Sevilla,1,1,DRAW
720761,2021-08-28 20:00:00+00:00,2021,La Liga,Real Betis,Real Madrid,0,1,LOSS
720760,2021-08-29 15:00:00+00:00,2021,La Liga,Barcelona,Getafe,2,1,WIN
720764,2021-08-29 17:30:00+00:00,2021,La Liga,Cadiz,Osasuna,2,3,LOSS
720767,2021-08-29 17:30:00+00:00,2021,La Liga,Rayo Vallecano,Granada CF,4,0,WIN
720759,2021-08-29 20:00:00+00:00,2021,La Liga,Atletico Madrid,Villarreal,2,2,DRAW
720774,2021-09-11 16:30:00+00:00,2021,La Liga,Levante,Rayo Vallecano,1,1,DRAW
720769,2021-09-11 19:00:00+00:00,2021,La Liga,Athletic Club,Mallorca,2,0,WIN
720773,2021-09-12 12:00:00+00:00,2021,La Liga,Espanyol,Atletico Madrid,1,2,LOSS
720775,2021-09-12 14:15:00+00:00,2021,La Liga,Osasuna,Valencia,1,4,LOSS
720771,2021-09-12 16:30:00+00:00,2021,La Liga,Cadiz,Real Sociedad,0,2,LOSS
720776,2021-09-12 19:00:00+00:00,2021,La Liga,Real Madrid,Celta Vigo,5,2,WIN
720770,2021-09-13 18:00:00+00:00,2021,La Liga,Getafe,Elche,0,1,LOSS
720772,2021-09-13 20:00:00+00:00,2021,La Liga,Granada CF,Real Betis,1,2,LOSS
720783,2021-09-17 19:00:00+00:00,2021,La Liga,Celta Vigo,Cadiz,1,2,LOSS
720787,2021-09-18 12:00:00+00:00,2021,La Liga,Rayo Vallecano,Getafe,3,0,WIN
720780,2021-09-18 14:15:00+00:00,2021,La Liga,Atletico Madrid,Athletic Club,0,0,DRAW
720788,2021-09-18 16:30:00+00:00,2021,La Liga,Elche,Levante,1,1,DRAW
720779,2021-09-18 19:00:00+00:00,2021,La Liga,Alaves,Osasuna,0,2,LOSS
720784,2021-09-19 12:00:00+00:00,2021,La Liga,Mallorca,Villarreal,0,0,DRAW
720785,2021-09-19 14:15:00+00:00,2021,La Liga,Real Sociedad,Sevilla,0,0,DRAW
720782,2021-09-19 16:30:00+00:00,2021,La Liga,Real Betis,Espanyol,2,2,DRAW
720786,2021-09-19 19:00:00+00:00,2021,La Liga,Valencia,Real Madrid,1,2,LOSS
720781,2021-09-20 19:00:00+00:00,2021,La Liga,Barcelona,Granada CF,1,1,DRAW
720790,2021-09-21 17:30:00+00:00,2021,La Liga,Getafe,Atletico Madrid,1,2,LOSS
720789,2021-09-21 20:00:00+00:00,2021,La Liga,Athletic Club,Rayo Vallecano,1,2,LOSS
720794,2021-09-21 20:00:00+00:00,2021,La Liga,Levante,Celta Vigo,0,2,LOSS
720797,2021-09-22 17:30:00+00:00,2021,La Liga,Sevilla,Valencia,3,1,WIN
720793,2021-09-22 17:30:00+00:00,2021,La Liga,Espanyol,Alaves,1,0,WIN
720798,2021-09-22 20:00:00+00:00,2021,La Liga,Villarreal,Elche,4,1,WIN
720796,2021-09-22 20:00:00+00:00,2021,La Liga,Real Madrid,Mallorca,6,1,WIN
720792,2021-09-23 17:30:00+00:00,2021,La Liga,Granada CF,Real Sociedad,2,3,LOSS
720795,2021-09-23 17:30:00+00:00,2021,La Liga,Osasuna,Real Betis,1,3,LOSS
720791,2021-09-23 20:00:00+00:00,2021,La Liga,Cadiz,Barcelona,0,0,DRAW
720799,2021-09-25 12:00:00+00:00,2021,La Liga,Alaves,Atletico Madrid,1,0,WIN
720807,2021-09-25 14:15:00+00:00,2021,La Liga,Valencia,Athletic Club,1,1,DRAW
720806,2021-09-25 16:30:00+00:00,2021,La Liga,Sevilla,Espanyol,2,0,WIN
720804,2021-09-25 19:00:00+00:00,2021,La Liga,Real Madrid,Villarreal,0,0,DRAW
720803,2021-09-26 12:00:00+00:00,2021,La Liga,Mallorca,Osasuna,2,3,LOSS
720800,2021-09-26 14:15:00+00:00,2021,La Liga,Barcelona,Levante,3,0,WIN
720805,2021-09-26 16:30:00+00:00,2021,La Liga,Real Sociedad,Elche,1,0,WIN
720808,2021-09-26 16:30:00+00:00,2021,La Liga,Rayo Vallecano,Cadiz,3,1,WIN
720801,2021-09-26 19:00:00+00:00,2021,La Liga,Real Betis,Getafe,2,0,WIN
720802,2021-09-27 19:00:00+00:00,2021,La Liga,Celta Vigo,Granada CF,1,0,WIN
720809,2021-10-01 19:00:00+00:00,2021,La Liga,Athletic Club,Alaves,1,0,WIN
720816,2021-10-02 12:00:00+00:00,2021,La Liga,Osasuna,Rayo Vallecano,1,0,WIN
720811,2021-10-02 14:15:00+00:00,2021,La Liga,Mallorca,Levante,1,0,WIN
720813,2021-10-02 16:30:00+00:00,2021,La Liga,Cadiz,Valencia,0,0,DRAW
720810,2021-10-02 19:00:00+00:00,2021,La Liga,Atletico Madrid,Barcelona,2,0,WIN
720818,2021-10-03 12:00:00+00:00,2021,La Liga,Elche,Celta Vigo,1,0,WIN
720815,2021-10-03 14:15:00+00:00,2021,La Liga,Espanyol,Real Madrid,2,1,WIN
720817,2021-10-03 16:30:00+00:00,2021,La Liga,Villarreal,Real Betis,2,0,WIN
720812,2021-10-03 16:30:00+00:00,2021,La Liga,Getafe,Real Sociedad,1,1,DRAW
720814,2021-10-03 19:00:00+00:00,2021,La Liga,Granada CF,Sevilla,1,0,WIN
720824,2021-10-16 16:30:00+00:00,2021,La Liga,Levante,Getafe,0,0,DRAW
720826,2021-10-16 19:00:00+00:00,2021,La Liga,Real Sociedad,Mallorca,1,0,WIN
720827,2021-10-17 12:00:00+00:00,2021,La Liga,Rayo Vallecano,Elche,2,1,WIN
720821,2021-10-17 14:15:00+00:00,2021,La Liga,Celta Vigo,Sevilla,0,1,LOSS
720828,2021-10-17 16:30:00+00:00,2021,La Liga,Villarreal,Osasuna,1,2,LOSS
720820,2021-10-17 19:00:00+00:00,2021,La Liga,Barcelona,Valencia,3,1,WIN
720819,2021-10-18 17:00:00+00:00,2021,La Liga,Alaves,Real Betis,0,1,LOSS
720823,2021-10-18 19:00:00+00:00,2021,La Liga,Espanyol,Cadiz,2,0,WIN
720835,2021-10-22 19:00:00+00:00,2021,La Liga,Osasuna,Granada CF,1,1,DRAW
720837,2021-10-23 12:00:00+00:00,2021,La Liga,Valencia,Mallorca,2,2,DRAW
720834,2021-10-23 14:15:00+00:00,2021,La Liga,Cadiz,Alaves,0,2,LOSS
720838,2021-10-23 16:30:00+00:00,2021,La Liga,Elche,Espanyol,2,2,DRAW
720829,2021-10-23 19:00:00+00:00,2021,La Liga,Athletic Club,Villarreal,2,1,WIN
720836,2021-10-24 12:00:00+00:00,2021,La Liga,Sevilla,Levante,5,3,WIN
720831,2021-10-24 14:15:00+00:00,2021,La Liga,Barcelona,Real Madrid,1,2,LOSS
720832,2021-10-24 16:30:00+00:00,2021,La Liga,Real Betis,Rayo Vallecano,3,2,WIN
720830,2021-10-24 19:00:00+00:00,2021,La Liga,Atletico Madrid,Real Sociedad,2,2,DRAW
720833,2021-10-25 19:00:00+00:00,2021,La Liga,Getafe,Celta Vigo,0,3,LOSS
720839,2021-10-26 17:00:00+00:00,2021,La Liga,Alaves,Elche,1,0,WIN
720844,2021-10-26 19:00:00+00:00,2021,La Liga,Espanyol,Athletic Club,1,1,DRAW
720848,2021-10-26 19:30:00+00:00,2021,La Liga,Villarreal,Cadiz,3,3,DRAW
720847,2021-10-27 17:00:00+00:00,2021,La Liga,Rayo Vallecano,Barcelona,1,0,WIN
720842,2021-10-27 17:00:00+00:00,2021,La Liga,Mallorca,Sevilla,1,1,DRAW
720840,2021-10-27 18:00:00+00:00,2021,La Liga,Real Betis,Valencia,4,1,WIN
720846,2021-10-27 19:30:00+00:00,2021,La Liga,Real Madrid,Osasuna,0,0,DRAW
720841,2021-10-28 17:00:00+00:00,2021,La Liga,Celta Vigo,Real Sociedad,0,2,LOSS
720843,2021-10-28 18:00:00+00:00,2021,La Liga,Granada CF,Getafe,1,1,DRAW
720845,2021-10-28 19:30:00+00:00,2021,La Liga,Levante,Atletico Madrid,2,2,DRAW
720858,2021-10-30 12:00:00+00:00,2021,La Liga,Elche,Real Madrid,1,2,LOSS
720855,2021-10-30 14:15:00+00:00,2021,La Liga,Sevilla,Osasuna,2,0,WIN
720856,2021-10-30 16:30:00+00:00,2021,La Liga,Valencia,Villarreal,2,0,WIN
720850,2021-10-30 19:00:00+00:00,2021,La Liga,Barcelona,Alaves,1,1,DRAW
720852,2021-10-31 13:00:00+00:00,2021,La Liga,Cadiz,Mallorca,1,1,DRAW
720849,2021-10-31 15:15:00+00:00,2021,La Liga,Atletico Madrid,Real Betis,3,0,WIN
720851,2021-10-31 17:30:00+00:00,2021,La Liga,Getafe,Espanyol,2,1,WIN
720854,2021-10-31 20:00:00+00:00,2021,La Liga,Real Sociedad,Athletic Club,1,1,DRAW
720857,2021-11-01 17:30:00+00:00,2021,La Liga,Rayo Vallecano,Celta Vigo,0,0,DRAW
720853,2021-11-01 20:00:00+00:00,2021,La Liga,Levante,Granada CF,0,3,LOSS
720860,2021-11-05 20:00:00+00:00,2021,La Liga,Athletic Club,Cadiz,0,1,LOSS
720864,2021-11-06 13:00:00+00:00,2021,La Liga,Espanyol,Granada CF,2,0,WIN
720862,2021-11-06 15:15:00+00:00,2021,La Liga,Celta Vigo,Barcelona,3,3,DRAW
720859,2021-11-06 17:30:00+00:00,2021,La Liga,Alaves,Levante,2,1,WIN
720866,2021-11-06 20:00:00+00:00,2021,La Liga,Real Madrid,Rayo Vallecano,2,1,WIN
720868,2021-11-07 13:00:00+00:00,2021,La Liga,Villarreal,Getafe,1,0,WIN
720867,2021-11-07 15:15:00+00:00,2021,La Liga,Valencia,Atletico Madrid,3,3,DRAW
720865,2021-11-07 17:30:00+00:00,2021,La Liga,Osasuna,Real Sociedad,0,2,LOSS
720863,2021-11-07 17:30:00+00:00,2021,La Liga,Mallorca,Elche,2,2,DRAW
720861,2021-11-07 20:00:00+00:00,2021,La Liga,Real Betis,Sevilla,0,2,LOSS
720874,2021-11-19 20:00:00+00:00,2021,La Liga,Levante,Athletic Club,0,0,DRAW
720871,2021-11-20 13:00:00+00:00,2021,La Liga,Celta Vigo,Villarreal,1,1,DRAW
720876,2021-11-20 15:15:00+00:00,2021,La Liga,Sevilla,Alaves,2,2,DRAW
720869,2021-11-20 17:30:00+00:00,2021,La Liga,Atletico Madrid,Osasuna,1,0,WIN
720870,2021-11-20 20:00:00+00:00,2021,La Liga,Barcelona,Espanyol,1,0,WIN
720872,2021-11-21 13:00:00+00:00,2021,La Liga,Getafe,Cadiz,4,0,WIN
720873,2021-11-21 15:15:00+00:00,2021,La Liga,Granada CF,Real Madrid,1,4,LOSS
720878,2021-11-21 17:30:00+00:00,2021,La Liga,Elche,Real Betis,0,3,LOSS
720875,2021-11-21 20:00:00+00:00,2021,La Liga,Real Sociedad,Valencia,0,0,DRAW
720877,2021-11-22 20:00:00+00:00,2021,La Liga,Rayo Vallecano,Mallorca,3,1,WIN
720880,2021-11-26 20:00:00+00:00,2021,La Liga,Athletic Club,Granada CF,2,2,DRAW
720879,2021-11-27 13:00:00+00:00,2021,La Liga,Alaves,Celta Vigo,1,2,LOSS
720887,2021-11-27 15:15:00+00:00,2021,La Liga,Valencia,Rayo Vallecano,1,1,DRAW
720882,2021-11-27 17:30:00+00:00,2021,La Liga,Mallorca,Getafe,0,0,DRAW
720888,2021-11-27 20:00:00+00:00,2021,La Liga,Villarreal,Barcelona,1,3,LOSS
720881,2021-11-28 13:00:00+00:00,2021,La Liga,Real Betis,Levante,3,1,WIN
720884,2021-11-28 15:15:00+00:00,2021,La Liga,Espanyol,Real Sociedad,1,0,WIN
720883,2021-11-28 17:30:00+00:00,2021,La Liga,Cadiz,Atletico Madrid,1,4,LOSS
720886,2021-11-28 20:00:00+00:00,2021,La Liga,Real Madrid,Sevilla,2,1,WIN
720885,2021-11-29 20:00:00+00:00,2021,La Liga,Osasuna,Elche,1,1,DRAW
720825,2021-12-01 20:00:00+00:00,2021,La Liga,Real Madrid,Athletic Club,1,0,WIN
720893,2021-12-03 20:00:00+00:00,2021,La Liga,Granada CF,Alaves,2,1,WIN
720896,2021-12-04 13:00:00+00:00,2021,La Liga,Sevilla,Villarreal,1,0,WIN
720890,2021-12-04 15:15:00+00:00,2021,La Liga,Barcelona,Real Betis,0,1,LOSS
720889,2021-12-04 17:30:00+00:00,2021,La Liga,Atletico Madrid,Mallorca,1,2,LOSS
720895,2021-12-04 20:00:00+00:00,2021,La Liga,Real Sociedad,Real Madrid,0,2,LOSS
720897,2021-12-05 13:00:00+00:00,2021,La Liga,Rayo Vallecano,Espanyol,1,0,WIN
720898,2021-12-05 15:15:00+00:00,2021,La Liga,Elche,Cadiz,3,1,WIN
720894,2021-12-05 17:30:00+00:00,2021,La Liga,Levante,Osasuna,0,0,DRAW
720891,2021-12-05 20:00:00+00:00,2021,La Liga,Celta Vigo,Valencia,1,2,LOSS
720892,2021-12-06 20:00:00+00:00,2021,La Liga,Getafe,Athletic Club,0,0,DRAW
720902,2021-12-10 20:00:00+00:00,2021,La Liga,Mallorca,Celta Vigo,0,0,DRAW
720904,2021-12-11 13:00:00+00:00,2021,La Liga,Espanyol,Levante,4,3,WIN
720899,2021-12-11 15:15:00+00:00,2021,La Liga,Alaves,Getafe,1,1,DRAW
720907,2021-12-11 17:30:00+00:00,2021,La Liga,Valencia,Elche,2,1,WIN
720900,2021-12-11 20:00:00+00:00,2021,La Liga,Athletic Club,Sevilla,0,1,LOSS
720908,2021-12-12 13:00:00+00:00,2021,La Liga,Villarreal,Rayo Vallecano,2,0,WIN
720905,2021-12-12 15:15:00+00:00,2021,La Liga,Osasuna,Barcelona,2,2,DRAW
720901,2021-12-12 17:30:00+00:00,2021,La Liga,Real Betis,Real Sociedad,4,0,WIN
720906,2021-12-12 20:00:00+00:00,2021,La Liga,Real Madrid,Atletico Madrid,2,0,WIN
720903,2021-12-13 20:00:00+00:00,2021,La Liga,Cadiz,Granada CF,1,1,DRAW
720911,2021-12-17 20:00:00+00:00,2021,La Liga,Celta Vigo,Espanyol,3,1,WIN
720918,2021-12-18 13:00:00+00:00,2021,La Liga,Rayo Vallecano,Alaves,2,0,WIN
720916,2021-12-18 15:15:00+00:00,2021,La Liga,Real Sociedad,Villarreal,1,3,LOSS
720910,2021-12-18 17:30:00+00:00,2021,La Liga,Barcelona,Elche,3,2,WIN
720917,2021-12-18 20:00:00+00:00,2021,La Liga,Sevilla,Atletico Madrid,2,1,WIN
720913,2021-12-19 13:00:00+00:00,2021,La Liga,Granada CF,Mallorca,4,1,WIN
720909,2021-12-19 15:15:00+00:00,2021,La Liga,Athletic Club,Real Betis,3,2,WIN
720912,2021-12-19 17:30:00+00:00,2021,La Liga,Getafe,Osasuna,1,0,WIN
720915,2021-12-19 20:00:00+00:00,2021,La Liga,Real Madrid,Cadiz,0,0,DRAW
720914,2021-12-20 20:00:00+00:00,2021,La Liga,Levante,Valencia,3,4,LOSS
720778,2021-12-21 18:00:00+00:00,2021,La Liga,Villarreal,Alaves,5,2,WIN
720777,2021-12-21 20:30:00+00:00,2021,La Liga,Sevilla,Barcelona,1,1,DRAW
720822,2021-12-22 18:00:00+00:00,2021,La Liga,Granada CF,Atletico Madrid,2,1,WIN
720939,2021-12-22 20:30:00+00:00,2021,La Liga,Athletic Club,Real Madrid,1,2,LOSS
720926,2021-12-31 15:15:00+00:00,2021,La Liga,Valencia,Espanyol,1,2,LOSS
720923,2022-01-02 13:00:00+00:00,2021,La Liga,Getafe,Real Madrid,1,0,WIN
720920,2022-01-02 15:15:00+00:00,2021,La Liga,Atletico Madrid,Rayo Vallecano,2,0,WIN
720928,2022-01-02 15:15:00+00:00,2021,La Liga,Elche,Granada CF,0,0,DRAW
720919,2022-01-02 17:30:00+00:00,2021,La Liga,Alaves,Real Sociedad,1,1,DRAW
720921,2022-01-02 17:30:00+00:00,2021,La Liga,Real Betis,Celta Vigo,0,2,LOSS
720922,2022-01-02 20:00:00+00:00,2021,La Liga,Mallorca,Barcelona,0,1,LOSS
720927,2022-01-03 18:00:00+00:00,2021,La Liga,Villarreal,Levante,5,0,WIN
720925,2022-01-03 20:00:00+00:00,2021,La Liga,Osasuna,Athletic Club,1,3,LOSS
720924,2022-01-03 20:15:00+00:00,2021,La Liga,Cadiz,Sevilla,0,1,LOSS
720932,2022-01-08 13:00:00+00:00,2021,La Liga,Levante,Mallorca,2,0,WIN
720935,2022-01-08 15:15:00+00:00,2021,La Liga,Real Sociedad,Celta Vigo,1,0,WIN
720930,2022-01-08 17:30:00+00:00,2021,La Liga,Granada CF,Barcelona,1,1,DRAW
720934,2022-01-08 20:00:00+00:00,2021,La Liga,Real Madrid,Valencia,4,1,WIN
720937,2022-01-09 13:00:00+00:00,2021,La Liga,Rayo Vallecano,Real Betis,1,1,DRAW
720936,2022-01-09 15:15:00+00:00,2021,La Liga,Sevilla,Getafe,1,0,WIN
720929,2022-01-09 17:30:00+00:00,2021,La Liga,Alaves,Athletic Club,0,0,DRAW
720933,2022-01-09 17:30:00+00:00,2021,La Liga,Osasuna,Cadiz,2,0,WIN
720938,2022-01-09 20:00:00+00:00,2021,La Liga,Villarreal,Atletico Madrid,2,2,DRAW
720931,2022-01-10 20:00:00+00:00,2021,La Liga,Espanyol,Elche,1,2,LOSS
720948,2022-01-16 13:00:00+00:00,2021,La Liga,Elche,Villarreal,1,0,WIN
720942,2022-01-18 19:00:00+00:00,2021,La Liga,Real Betis,Alaves,4,0,WIN
720946,2022-01-18 20:30:00+00:00,2021,La Liga,Cadiz,Espanyol,2,2,DRAW
720943,2022-01-19 18:00:00+00:00,2021,La Liga,Celta Vigo,Osasuna,2,0,WIN
720947,2022-01-19 20:30:00+00:00,2021,La Liga,Valencia,Sevilla,1,1,DRAW
720945,2022-01-20 18:00:00+00:00,2021,La Liga,Getafe,Granada CF,4,2,WIN
720952,2022-01-21 20:00:00+00:00,2021,La Liga,Espanyol,Real Betis,1,4,LOSS
720953,2022-01-22 13:00:00+00:00,2021,La Liga,Levante,Cadiz,0,2,LOSS
720958,2022-01-22 15:15:00+00:00,2021,La Liga,Villarreal,Mallorca,3,0,WIN
720956,2022-01-22 17:30:00+00:00,2021,La Liga,Sevilla,Celta Vigo,2,2,DRAW
720950,2022-01-22 20:00:00+00:00,2021,La Liga,Atletico Madrid,Valencia,3,2,WIN
720951,2022-01-23 13:00:00+00:00,2021,La Liga,Granada CF,Osasuna,0,2,LOSS
720954,2022-01-23 15:15:00+00:00,2021,La Liga,Real Madrid,Elche,2,2,DRAW
720955,2022-01-23 17:30:00+00:00,2021,La Liga,Real Sociedad,Getafe,0,0,DRAW
720957,2022-01-23 17:30:00+00:00,2021,La Liga,Rayo Vallecano,Athletic Club,0,1,LOSS
720949,2022-01-23 20:00:00+00:00,2021,La Liga,Alaves,Barcelona,0,1,LOSS
720964,2022-02-04 20:00:00+00:00,2021,La Liga,Getafe,Levante,3,0,WIN
720968,2022-02-05 13:00:00+00:00,2021,La Liga,Elche,Alaves,3,1,WIN
720963,2022-02-05 15:15:00+00:00,2021,La Liga,Mallorca,Cadiz,2,1,WIN
720962,2022-02-05 17:30:00+00:00,2021,La Liga,Celta Vigo,Rayo Vallecano,2,0,WIN
720965,2022-02-05 20:00:00+00:00,2021,La Liga,Osasuna,Sevilla,0,0,DRAW
720967,2022-02-06 13:00:00+00:00,2021,La Liga,Valencia,Real Sociedad,0,0,DRAW
720960,2022-02-06 15:15:00+00:00,2021,La Liga,Barcelona,Atletico Madrid,4,2,WIN
720961,2022-02-06 17:30:00+00:00,2021,La Liga,Real Betis,Villarreal,0,2,LOSS
720966,2022-02-06 20:00:00+00:00,2021,La Liga,Real Madrid,Granada CF,1,0,WIN
720959,2022-02-07 20:00:00+00:00,2021,La Liga,Athletic Club,Espanyol,2,1,WIN
720976,2022-02-11 20:00:00+00:00,2021,La Liga,Sevilla,Elche,2,0,WIN
720972,2022-02-12 13:00:00+00:00,2021,La Liga,Cadiz,Celta Vigo,0,0,DRAW
720978,2022-02-12 15:15:00+00:00,2021,La Liga,Villarreal,Real Madrid,0,0,DRAW
720977,2022-02-12 17:30:00+00:00,2021,La Liga,Rayo Vallecano,Osasuna,0,3,LOSS
720970,2022-02-12 20:00:00+00:00,2021,La Liga,Atletico Madrid,Getafe,4,3,WIN
720969,2022-02-13 13:00:00+00:00,2021,La Liga,Alaves,Valencia,2,1,WIN
720974,2022-02-13 15:15:00+00:00,2021,La Liga,Levante,Real Betis,2,4,LOSS
720975,2022-02-13 17:30:00+00:00,2021,La Liga,Real Sociedad,Granada CF,2,0,WIN
720973,2022-02-13 20:00:00+00:00,2021,La Liga,Espanyol,Barcelona,2,2,DRAW
720971,2022-02-14 20:00:00+00:00,2021,La Liga,Mallorca,Athletic Club,3,2,WIN
720940,2022-02-16 18:00:00+00:00,2021,La Liga,Atletico Madrid,Levante,0,1,LOSS
720988,2022-02-18 20:00:00+00:00,2021,La Liga,Elche,Rayo Vallecano,2,1,WIN
720983,2022-02-19 13:00:00+00:00,2021,La Liga,Granada CF,Villarreal,1,4,LOSS
720985,2022-02-19 15:15:00+00:00,2021,La Liga,Osasuna,Atletico Madrid,0,3,LOSS
720982,2022-02-19 17:30:00+00:00,2021,La Liga,Cadiz,Getafe,1,1,DRAW
720986,2022-02-19 20:00:00+00:00,2021,La Liga,Real Madrid,Alaves,3,0,WIN
720984,2022-02-20 13:00:00+00:00,2021,La Liga,Espanyol,Sevilla,1,1,DRAW
720987,2022-02-20 15:15:00+00:00,2021,La Liga,Valencia,Barcelona,1,4,LOSS
720980,2022-02-20 17:30:00+00:00,2021,La Liga,Real Betis,Mallorca,2,1,WIN
720979,2022-02-20 20:00:00+00:00,2021,La Liga,Athletic Club,Real Sociedad,4,0,WIN
720981,2022-02-21 20:00:00+00:00,2021,La Liga,Celta Vigo,Levante,1,1,DRAW
720994,2022-02-25 20:00:00+00:00,2021,La Liga,Levante,Elche,3,0,WIN
720991,2022-02-26 13:00:00+00:00,2021,La Liga,Mallorca,Valencia,0,1,LOSS
720992,2022-02-26 15:15:00+00:00,2021,La Liga,Getafe,Alaves,2,2,DRAW
720997,2022-02-26 17:30:00+00:00,2021,La Liga,Rayo Vallecano,Real Madrid,0,1,LOSS
720989,2022-02-26 20:00:00+00:00,2021,La Liga,Atletico Madrid,Celta Vigo,2,0,WIN
720998,2022-02-27 13:00:00+00:00,2021,La Liga,Villarreal,Espanyol,5,1,WIN
720996,2022-02-27 15:15:00+00:00,2021,La Liga,Sevilla,Real Betis,2,1,WIN
720995,2022-02-27 17:30:00+00:00,2021,La Liga,Real Sociedad,Osasuna,1,0,WIN
720990,2022-02-27 20:00:00+00:00,2021,La Liga,Barcelona,Athletic Club,4,0,WIN
720993,2022-02-28 20:00:00+00:00,2021,La Liga,Granada CF,Cadiz,0,0,DRAW
720944,2022-03-02 20:00:00+00:00,2021,La Liga,Mallorca,Real Sociedad,0,2,LOSS
720999,2022-03-04 20:00:00+00:00,2021,La Liga,Alaves,Sevilla,0,0,DRAW
721005,2022-03-05 13:00:00+00:00,2021,La Liga,Osasuna,Villarreal,1,0,WIN
721004,2022-03-05 15:15:00+00:00,2021,La Liga,Espanyol,Getafe,2,0,WIN
721007,2022-03-05 17:30:00+00:00,2021,La Liga,Valencia,Granada CF,3,1,WIN
721006,2022-03-05 20:00:00+00:00,2021,La Liga,Real Madrid,Real Sociedad,4,1,WIN
721003,2022-03-06 13:00:00+00:00,2021,La Liga,Cadiz,Rayo Vallecano,2,0,WIN
721008,2022-03-06 15:15:00+00:00,2021,La Liga,Elche,Barcelona,1,2,LOSS
721002,2022-03-06 17:30:00+00:00,2021,La Liga,Celta Vigo,Mallorca,4,3,WIN
721001,2022-03-06 20:00:00+00:00,2021,La Liga,Real Betis,Atletico Madrid,1,3,LOSS
721000,2022-03-07 20:00:00+00:00,2021,La Liga,Athletic Club,Levante,3,1,WIN
721009,2022-03-11 20:00:00+00:00,2021,La Liga,Atletico Madrid,Cadiz,2,1,WIN
721015,2022-03-12 13:00:00+00:00,2021,La Liga,Levante,Espanyol,1,1,DRAW
721014,2022-03-12 15:15:00+00:00,2021,La Liga,Granada CF,Elche,0,1,LOSS
721018,2022-03-12 17:30:00+00:00,2021,La Liga,Villarreal,Celta Vigo,1,0,WIN
721013,2022-03-12 20:00:00+00:00,2021,La Liga,Getafe,Valencia,0,0,DRAW
721017,2022-03-13 13:00:00+00:00,2021,La Liga,Rayo Vallecano,Sevilla,1,1,DRAW
721011,2022-03-13 15:15:00+00:00,2021,La Liga,Real Betis,Athletic Club,1,0,WIN
721016,2022-03-13 17:30:00+00:00,2021,La Liga,Real Sociedad,Alaves,1,0,WIN
721010,2022-03-13 20:00:00+00:00,2021,La Liga,Barcelona,Osasuna,4,0,WIN
721012,2022-03-14 20:00:00+00:00,2021,La Liga,Mallorca,Real Madrid,0,3,LOSS
721020,2022-03-18 20:00:00+00:00,2021,La Liga,Athletic Club,Getafe,1,1,DRAW
721019,2022-03-19 13:00:00+00:00,2021,La Liga,Alaves,Granada CF,2,3,LOSS
721028,2022-03-19 15:15:00+00:00,2021,La Liga,Elche,Valencia,0,1,LOSS
721024,2022-03-19 17:30:00+00:00,2021,La Liga,Osasuna,Levante,3,1,WIN
721027,2022-03-19 20:00:00+00:00,2021,La Liga,Rayo Vallecano,Atletico Madrid,0,1,LOSS
721023,2022-03-20 13:00:00+00:00,2021,La Liga,Espanyol,Mallorca,1,0,WIN
721021,2022-03-20 15:15:00+00:00,2021,La Liga,Celta Vigo,Real Betis,0,0,DRAW
721022,2022-03-20 15:15:00+00:00,2021,La Liga,Cadiz,Villarreal,1,0,WIN
721026,2022-03-20 17:30:00+00:00,2021,La Liga,Sevilla,Real Sociedad,0,0,DRAW
721025,2022-03-20 20:00:00+00:00,2021,La Liga,Real Madrid,Barcelona,0,4,LOSS
721034,2022-04-02 12:00:00+00:00,2021,La Liga,Getafe,Mallorca,1,0,WIN
721036,2022-04-02 14:15:00+00:00,2021,La Liga,Levante,Villarreal,2,0,WIN
721033,2022-04-02 16:30:00+00:00,2021,La Liga,Celta Vigo,Real Madrid,1,2,LOSS
721030,2022-04-02 19:00:00+00:00,2021,La Liga,Atletico Madrid,Alaves,4,1,WIN
721029,2022-04-03 12:00:00+00:00,2021,La Liga,Athletic Club,Elche,2,1,WIN
721032,2022-04-03 14:15:00+00:00,2021,La Liga,Real Betis,Osasuna,4,1,WIN
721038,2022-04-03 16:30:00+00:00,2021,La Liga,Valencia,Cadiz,0,0,DRAW
721035,2022-04-03 16:30:00+00:00,2021,La Liga,Granada CF,Rayo Vallecano,2,2,DRAW
721031,2022-04-03 19:00:00+00:00,2021,La Liga,Barcelona,Sevilla,1,0,WIN
721037,2022-04-04 19:00:00+00:00,2021,La Liga,Real Sociedad,Espanyol,1,0,WIN
721045,2022-04-08 19:00:00+00:00,2021,La Liga,Sevilla,Granada CF,4,2,WIN
721040,2022-04-09 12:00:00+00:00,2021,La Liga,Cadiz,Real Betis,1,2,LOSS
721039,2022-04-09 14:15:00+00:00,2021,La Liga,Mallorca,Atletico Madrid,1,0,WIN
721047,2022-04-09 16:30:00+00:00,2021,La Liga,Villarreal,Athletic Club,1,1,DRAW
721044,2022-04-09 19:00:00+00:00,2021,La Liga,Real Madrid,Getafe,2,0,WIN
721043,2022-04-10 12:00:00+00:00,2021,La Liga,Osasuna,Alaves,1,0,WIN
721041,2022-04-10 14:15:00+00:00,2021,La Liga,Espanyol,Celta Vigo,1,0,WIN
721048,2022-04-10 16:30:00+00:00,2021,La Liga,Elche,Real Sociedad,1,2,LOSS
721042,2022-04-10 19:00:00+00:00,2021,La Liga,Levante,Barcelona,2,3,LOSS
721046,2022-04-11 19:00:00+00:00,2021,La Liga,Rayo Vallecano,Valencia,1,1,DRAW
721055,2022-04-15 19:00:00+00:00,2021,La Liga,Real Sociedad,Real Betis,0,0,DRAW
721058,2022-04-16 12:00:00+00:00,2021,La Liga,Elche,Mallorca,3,0,WIN
721049,2022-04-16 14:15:00+00:00,2021,La Liga,Alaves,Rayo Vallecano,1,0,WIN
721057,2022-04-16 16:30:00+00:00,2021,La Liga,Valencia,Osasuna,1,2,LOSS
721053,2022-04-16 19:00:00+00:00,2021,La Liga,Getafe,Villarreal,1,2,LOSS
721054,2022-04-17 12:00:00+00:00,2021,La Liga,Granada CF,Levante,1,4,LOSS
721051,2022-04-17 14:15:00+00:00,2021,La Liga,Atletico Madrid,Espanyol,2,1,WIN
721050,2022-04-17 16:30:00+00:00,2021,La Liga,Athletic Club,Celta Vigo,0,2,LOSS
721056,2022-04-17 19:00:00+00:00,2021,La Liga,Sevilla,Real Madrid,2,3,LOSS
721052,2022-04-18 19:00:00+00:00,2021,La Liga,Barcelona,Cadiz,0,1,LOSS
721062,2022-04-19 17:00:00+00:00,2021,La Liga,Mallorca,Alaves,2,1,WIN
721060,2022-04-19 19:00:00+00:00,2021,La Liga,Real Betis,Elche,0,1,LOSS
721068,2022-04-19 19:30:00+00:00,2021,La Liga,Villarreal,Valencia,2,0,WIN
721059,2022-04-20 17:00:00+00:00,2021,La Liga,Atletico Madrid,Granada CF,0,0,DRAW
721061,2022-04-20 18:00:00+00:00,2021,La Liga,Celta Vigo,Getafe,0,2,LOSS
721066,2022-04-20 19:30:00+00:00,2021,La Liga,Osasuna,Real Madrid,1,3,LOSS
721065,2022-04-21 17:00:00+00:00,2021,La Liga,Levante,Sevilla,2,3,LOSS
721064,2022-04-21 17:00:00+00:00,2021,La Liga,Espanyol,Rayo Vallecano,0,1,LOSS
721063,2022-04-21 18:00:00+00:00,2021,La Liga,Cadiz,Athletic Club,2,3,LOSS
721067,2022-04-21 19:30:00+00:00,2021,La Liga,Real Sociedad,Barcelona,0,1,LOSS
720941,2022-04-24 19:00:00+00:00,2021,La Liga,Barcelona,Rayo Vallecano,0,1,LOSS
721075,2022-04-29 19:00:00+00:00,2021,La Liga,Sevilla,Cadiz,1,1,DRAW
721069,2022-04-30 12:00:00+00:00,2021,La Liga,Alaves,Villarreal,2,1,WIN
721074,2022-04-30 14:15:00+00:00,2021,La Liga,Real Madrid,Espanyol,4,0,WIN
721076,2022-04-30 16:30:00+00:00,2021,La Liga,Valencia,Levante,1,1,DRAW
721070,2022-04-30 19:00:00+00:00,2021,La Liga,Athletic Club,Atletico Madrid,2,0,WIN
721078,2022-05-01 12:00:00+00:00,2021,La Liga,Elche,Osasuna,1,1,DRAW
721073,2022-05-01 14:15:00+00:00,2021,La Liga,Granada CF,Celta Vigo,1,1,DRAW
721077,2022-05-01 16:30:00+00:00,2021,La Liga,Rayo Vallecano,Real Sociedad,1,1,DRAW
721071,2022-05-01 19:00:00+00:00,2021,La Liga,Barcelona,Mallorca,2,1,WIN
721072,2022-05-02 19:00:00+00:00,2021,La Liga,Getafe,Real Betis,0,0,DRAW
721087,2022-05-06 19:00:00+00:00,2021,La Liga,Levante,Real Sociedad,2,1,WIN
721083,2022-05-07 12:00:00+00:00,2021,La Liga,Mallorca,Granada CF,2,6,LOSS
721079,2022-05-07 14:15:00+00:00,2021,La Liga,Athletic Club,Valencia,0,0,DRAW
721082,2022-05-07 16:30:00+00:00,2021,La Liga,Celta Vigo,Alaves,4,0,WIN
721085,2022-05-07 16:30:00+00:00,2021,La Liga,Cadiz,Elche,3,0,WIN
721081,2022-05-07 19:00:00+00:00,2021,La Liga,Real Betis,Barcelona,1,2,LOSS
721084,2022-05-08 12:00:00+00:00,2021,La Liga,Getafe,Rayo Vallecano,0,0,DRAW
721088,2022-05-08 14:15:00+00:00,2021,La Liga,Villarreal,Sevilla,1,1,DRAW
721086,2022-05-08 16:30:00+00:00,2021,La Liga,Espanyol,Osasuna,1,1,DRAW
721080,2022-05-08 19:00:00+00:00,2021,La Liga,Atletico Madrid,Real Madrid,1,0,WIN
721096,2022-05-10 17:00:00+00:00,2021,La Liga,Valencia,Real Betis,0,3,LOSS
721091,2022-05-10 18:00:00+00:00,2021,La Liga,Granada CF,Athletic Club,1,0,WIN
721090,2022-05-10 19:30:00+00:00,2021,La Liga,Barcelona,Celta Vigo,3,1,WIN
721089,2022-05-11 17:00:00+00:00,2021,La Liga,Alaves,Espanyol,2,1,WIN
721092,2022-05-11 17:00:00+00:00,2021,La Liga,Osasuna,Getafe,1,1,DRAW
721095,2022-05-11 18:30:00+00:00,2021,La Liga,Sevilla,Mallorca,0,0,DRAW
721098,2022-05-11 19:30:00+00:00,2021,La Liga,Elche,Atletico Madrid,0,2,LOSS
721094,2022-05-12 17:00:00+00:00,2021,La Liga,Real Sociedad,Cadiz,3,0,WIN
721097,2022-05-12 18:00:00+00:00,2021,La Liga,Rayo Vallecano,Villarreal,1,5,LOSS
721093,2022-05-12 19:30:00+00:00,2021,La Liga,Real Madrid,Levante,6,0,WIN
721106,2022-05-14 16:30:00+00:00,2021,La Liga,Espanyol,Valencia,1,1,DRAW
721100,2022-05-15 17:30:00+00:00,2021,La Liga,Atletico Madrid,Sevilla,1,1,DRAW
721099,2022-05-15 17:30:00+00:00,2021,La Liga,Athletic Club,Osasuna,2,0,WIN
721108,2022-05-15 17:30:00+00:00,2021,La Liga,Villarreal,Real Sociedad,1,2,LOSS
721102,2022-05-15 17:30:00+00:00,2021,La Liga,Celta Vigo,Elche,1,0,WIN
721107,2022-05-15 17:30:00+00:00,2021,La Liga,Levante,Alaves,3,1,WIN
721101,2022-05-15 17:30:00+00:00,2021,La Liga,Real Betis,Granada CF,2,0,WIN
721104,2022-05-15 17:30:00+00:00,2021,La Liga,Getafe,Barcelona,0,0,DRAW
721105,2022-05-15 17:30:00+00:00,2021,La Liga,Cadiz,Real Madrid,1,1,DRAW
721103,2022-05-15 17:30:00+00:00,2021,La Liga,Mallorca,Rayo Vallecano,2,1,WIN
721113,2022-05-20 19:00:00+00:00,2021,La Liga,Real Madrid,Real Betis,0,0,DRAW
721117,2022-05-20 19:00:00+00:00,2021,La Liga,Rayo Vallecano,Levante,2,4,LOSS
721116,2022-05-21 15:30:00+00:00,2021,La Liga,Valencia,Celta Vigo,2,0,WIN
721118,2022-05-22 15:30:00+00:00,2021,La Liga,Elche,Getafe,3,1,WIN
721109,2022-05-22 18:00:00+00:00,2021,La Liga,Alaves,Cadiz,0,1,LOSS
721111,2022-05-22 18:00:00+00:00,2021,La Liga,Granada CF,Espanyol,0,0,DRAW
721112,2022-05-22 18:00:00+00:00,2021,La Liga,Osasuna,Mallorca,0,2,LOSS
721110,2022-05-22 20:00:00+00:00,2021,La Liga,Barcelona,Villarreal,0,2,LOSS
721115,2022-05-22 20:00:00+00:00,2021,La Liga,Sevilla,Athletic Club,1,0,WIN
721114,2022-05-22 20:00:00+00:00,2021,La Liga,Real Sociedad,Atletico Madrid,1,2,LOSS
877947,2022-08-12 19:00:00+00:00,2022,La Liga,Osasuna,Sevilla,2,1,WIN
877945,2022-08-13 15:00:00+00:00,2022,La Liga,Celta Vigo,Espanyol,2,2,DRAW
877950,2022-08-13 17:00:00+00:00,2022,La Liga,Valladolid,Villarreal,0,3,LOSS
877943,2022-08-13 19:00:00+00:00,2022,La Liga,Barcelona,Rayo Vallecano,0,0,DRAW
877946,2022-08-14 15:30:00+00:00,2022,La Liga,Cadiz,Real Sociedad,0,1,LOSS
877951,2022-08-14 17:30:00+00:00,2022,La Liga,Valencia,Girona,1,0,WIN
877948,2022-08-14 20:00:00+00:00,2022,La Liga,Almeria,Real Madrid,1,2,LOSS
877942,2022-08-15 15:30:00+00:00,2022,La Liga,Athletic Club,Mallorca,0,0,DRAW
877949,2022-08-15 17:30:00+00:00,2022,La Liga,Getafe,Atletico Madrid,0,3,LOSS
877944,2022-08-15 19:30:00+00:00,2022,La Liga,Real Betis,Elche,3,0,WIN
877955,2022-08-19 18:00:00+00:00,2022,La Liga,Espanyol,Rayo Vallecano,0,2,LOSS
877956,2022-08-19 20:00:00+00:00,2022,La Liga,Sevilla,Valladolid,1,1,DRAW
877960,2022-08-20 15:30:00+00:00,2022,La Liga,Osasuna,Cadiz,2,0,WIN
877958,2022-08-20 17:30:00+00:00,2022,La Liga,Mallorca,Real Betis,1,2,LOSS
877954,2022-08-20 20:00:00+00:00,2022,La Liga,Celta Vigo,Real Madrid,1,4,LOSS
877952,2022-08-21 15:30:00+00:00,2022,La Liga,Athletic Club,Valencia,1,0,WIN
877953,2022-08-21 17:30:00+00:00,2022,La Liga,Atletico Madrid,Villarreal,0,2,LOSS
877957,2022-08-21 20:00:00+00:00,2022,La Liga,Real Sociedad,Barcelona,1,4,LOSS
877961,2022-08-22 18:00:00+00:00,2022,La Liga,Elche,Almeria,1,1,DRAW
877959,2022-08-22 20:00:00+00:00,2022,La Liga,Girona,Getafe,3,1,WIN
877970,2022-08-26 18:00:00+00:00,2022,La Liga,Girona,Celta Vigo,0,1,LOSS
877963,2022-08-26 20:00:00+00:00,2022,La Liga,Real Betis,Osasuna,1,0,WIN
877964,2022-08-27 15:30:00+00:00,2022,La Liga,Elche,Real Sociedad,0,1,LOSS
877971,2022-08-27 17:30:00+00:00,2022,La Liga,Rayo Vallecano,Mallorca,0,2,LOSS
877967,2022-08-27 20:00:00+00:00,2022,La Liga,Almeria,Sevilla,2,1,WIN
877965,2022-08-28 15:30:00+00:00,2022,La Liga,Getafe,Villarreal,0,0,DRAW
877962,2022-08-28 17:30:00+00:00,2022,La Liga,Barcelona,Valladolid,4,0,WIN
877966,2022-08-28 20:00:00+00:00,2022,La Liga,Espanyol,Real Madrid,1,3,LOSS
877968,2022-08-29 18:00:00+00:00,2022,La Liga,Cadiz,Athletic Club,0,4,LOSS
877969,2022-08-29 20:00:00+00:00,2022,La Liga,Valencia,Atletico Madrid,0,1,LOSS
877979,2022-09-02 19:00:00+00:00,2022,La Liga,Celta Vigo,Cadiz,3,0,WIN
877981,2022-09-03 12:00:00+00:00,2022,La Liga,Mallorca,Girona,1,1,DRAW
877976,2022-09-03 14:15:00+00:00,2022,La Liga,Real Madrid,Real Betis,2,1,WIN
877974,2022-09-03 16:30:00+00:00,2022,La Liga,Real Sociedad,Atletico Madrid,1,1,DRAW
877975,2022-09-03 19:00:00+00:00,2022,La Liga,Sevilla,Barcelona,0,3,LOSS
877973,2022-09-04 12:00:00+00:00,2022,La Liga,Osasuna,Rayo Vallecano,2,1,WIN
877972,2022-09-04 14:15:00+00:00,2022,La Liga,Athletic Club,Espanyol,0,1,LOSS
877977,2022-09-04 16:30:00+00:00,2022,La Liga,Villarreal,Elche,4,0,WIN
877978,2022-09-04 19:00:00+00:00,2022,La Liga,Valencia,Getafe,5,1,WIN
877980,2022-09-05 19:00:00+00:00,2022,La Liga,Valladolid,Almeria,1,0,WIN
877988,2022-09-09 19:00:00+00:00,2022,La Liga,Girona,Valladolid,2,1,WIN
877986,2022-09-10 12:00:00+00:00,2022,La Liga,Rayo Vallecano,Valencia,2,1,WIN
877985,2022-09-10 14:15:00+00:00,2022,La Liga,Espanyol,Sevilla,2,3,LOSS
877990,2022-09-10 16:30:00+00:00,2022,La Liga,Cadiz,Barcelona,0,4,LOSS
877982,2022-09-10 19:00:00+00:00,2022,La Liga,Atletico Madrid,Celta Vigo,4,1,WIN
877991,2022-09-11 12:00:00+00:00,2022,La Liga,Real Madrid,Mallorca,4,1,WIN
877989,2022-09-11 14:15:00+00:00,2022,La Liga,Elche,Athletic Club,1,4,LOSS
877984,2022-09-11 16:30:00+00:00,2022,La Liga,Getafe,Real Sociedad,2,1,WIN
877983,2022-09-11 19:00:00+00:00,2022,La Liga,Real Betis,Villarreal,1,0,WIN
877987,2022-09-12 19:00:00+00:00,2022,La Liga,Almeria,Osasuna,0,1,LOSS
877998,2022-09-16 19:00:00+00:00,2022,La Liga,Valladolid,Cadiz,0,1,LOSS
878001,2022-09-17 12:00:00+00:00,2022,La Liga,Mallorca,Almeria,1,0,WIN
877994,2022-09-17 14:15:00+00:00,2022,La Liga,Barcelona,Elche,3,0,WIN
877996,2022-09-17 16:30:00+00:00,2022,La Liga,Valencia,Celta Vigo,3,0,WIN
877992,2022-09-17 19:00:00+00:00,2022,La Liga,Athletic Club,Rayo Vallecano,3,2,WIN
877997,2022-09-18 12:00:00+00:00,2022,La Liga,Osasuna,Getafe,0,2,LOSS
878000,2022-09-18 14:15:00+00:00,2022,La Liga,Villarreal,Sevilla,1,1,DRAW
877995,2022-09-18 16:30:00+00:00,2022,La Liga,Real Betis,Girona,2,1,WIN
877999,2022-09-18 16:30:00+00:00,2022,La Liga,Real Sociedad,Espanyol,2,1,WIN
877993,2022-09-18 19:00:00+00:00,2022,La Liga,Atletico Madrid,Real Madrid,1,2,LOSS
878011,2022-09-30 19:00:00+00:00,2022,La Liga,Athletic Club,Almeria,4,0,WIN
878003,2022-10-01 12:00:00+00:00,2022,La Liga,Cadiz,Villarreal,0,0,DRAW
878002,2022-10-01 14:15:00+00:00,2022,La Liga,Getafe,Valladolid,2,3,LOSS
878006,2022-10-01 16:30:00+00:00,2022,La Liga,Sevilla,Atletico Madrid,0,2,LOSS
878007,2022-10-01 19:00:00+00:00,2022,La Liga,Mallorca,Barcelona,0,1,LOSS
878004,2022-10-02 12:00:00+00:00,2022,La Liga,Espanyol,Valencia,2,2,DRAW
878008,2022-10-02 14:15:00+00:00,2022,La Liga,Celta Vigo,Real Betis,1,0,WIN
878005,2022-10-02 16:30:00+00:00,2022,La Liga,Girona,Real Sociedad,3,5,LOSS
878010,2022-10-02 19:00:00+00:00,2022,La Liga,Real Madrid,Osasuna,1,1,DRAW
878009,2022-10-03 19:00:00+00:00,2022,La Liga,Rayo Vallecano,Elche,2,1,WIN
878017,2022-10-07 19:00:00+00:00,2022,La Liga,Osasuna,Valencia,1,2,LOSS
878019,2022-10-08 12:00:00+00:00,2022,La Liga,Almeria,Rayo Vallecano,3,1,WIN
878012,2022-10-08 14:15:00+00:00,2022,La Liga,Atletico Madrid,Girona,2,1,WIN
878020,2022-10-08 16:30:00+00:00,2022,La Liga,Sevilla,Athletic Club,1,1,DRAW
878015,2022-10-08 19:00:00+00:00,2022,La Liga,Getafe,Real Madrid,0,1,LOSS
878021,2022-10-09 12:00:00+00:00,2022,La Liga,Valladolid,Real Betis,0,0,DRAW
878016,2022-10-09 14:15:00+00:00,2022,La Liga,Cadiz,Espanyol,2,2,DRAW
878018,2022-10-09 16:30:00+00:00,2022,La Liga,Real Sociedad,Villarreal,1,0,WIN
878013,2022-10-09 19:00:00+00:00,2022,La Liga,Barcelona,Celta Vigo,1,0,WIN
878014,2022-10-10 19:00:00+00:00,2022,La Liga,Elche,Mallorca,1,1,DRAW
878028,2022-10-14 19:00:00+00:00,2022,La Liga,Rayo Vallecano,Getafe,0,0,DRAW
878029,2022-10-15 12:00:00+00:00,2022,La Liga,Girona,Cadiz,1,1,DRAW
878027,2022-10-15 14:15:00+00:00,2022,La Liga,Valencia,Elche,2,2,DRAW
878024,2022-10-15 16:30:00+00:00,2022,La Liga,Mallorca,Sevilla,0,1,LOSS
878022,2022-10-15 19:00:00+00:00,2022,La Liga,Athletic Club,Atletico Madrid,0,1,LOSS
878023,2022-10-16 12:00:00+00:00,2022,La Liga,Celta Vigo,Real Sociedad,1,2,LOSS
878026,2022-10-16 14:15:00+00:00,2022,La Liga,Real Madrid,Barcelona,3,1,WIN
878025,2022-10-16 16:30:00+00:00,2022,La Liga,Espanyol,Valladolid,1,0,WIN
878031,2022-10-16 19:00:00+00:00,2022,La Liga,Real Betis,Almeria,3,1,WIN
878030,2022-10-17 19:00:00+00:00,2022,La Liga,Villarreal,Osasuna,2,0,WIN
878035,2022-10-18 17:00:00+00:00,2022,La Liga,Sevilla,Valencia,1,1,DRAW
878037,2022-10-18 18:00:00+00:00,2022,La Liga,Getafe,Athletic Club,2,2,DRAW
878032,2022-10-18 19:00:00+00:00,2022,La Liga,Atletico Madrid,Rayo Vallecano,1,1,DRAW
878039,2022-10-19 17:00:00+00:00,2022,La Liga,Valladolid,Celta Vigo,4,1,WIN
878038,2022-10-19 17:00:00+00:00,2022,La Liga,Cadiz,Real Betis,0,0,DRAW
878040,2022-10-19 18:00:00+00:00,2022,La Liga,Real Sociedad,Mallorca,1,0,WIN
878034,2022-10-19 19:00:00+00:00,2022,La Liga,Elche,Real Madrid,0,3,LOSS
878036,2022-10-20 17:00:00+00:00,2022,La Liga,Almeria,Girona,3,2,WIN
878041,2022-10-20 18:00:00+00:00,2022,La Liga,Osasuna,Espanyol,1,0,WIN
878033,2022-10-20 19:00:00+00:00,2022,La Liga,Barcelona,Villarreal,3,0,WIN
878049,2022-10-22 12:00:00+00:00,2022,La Liga,Rayo Vallecano,Cadiz,5,1,WIN
878050,2022-10-22 14:15:00+00:00,2022,La Liga,Valladolid,Real Sociedad,1,0,WIN
878048,2022-10-22 16:30:00+00:00,2022,La Liga,Valencia,Mallorca,1,2,LOSS
878043,2022-10-22 19:00:00+00:00,2022,La Liga,Real Madrid,Sevilla,3,1,WIN
878047,2022-10-23 12:00:00+00:00,2022,La Liga,Espanyol,Elche,2,2,DRAW
878046,2022-10-23 14:15:00+00:00,2022,La Liga,Real Betis,Atletico Madrid,1,2,LOSS
878051,2022-10-23 16:30:00+00:00,2022,La Liga,Villarreal,Almeria,2,1,WIN
878044,2022-10-23 16:30:00+00:00,2022,La Liga,Girona,Osasuna,1,1,DRAW
878045,2022-10-23 19:00:00+00:00,2022,La Liga,Barcelona,Athletic Club,4,0,WIN
878042,2022-10-24 19:00:00+00:00,2022,La Liga,Celta Vigo,Getafe,1,1,DRAW
878059,2022-10-28 19:00:00+00:00,2022,La Liga,Mallorca,Espanyol,1,1,DRAW
878055,2022-10-29 12:00:00+00:00,2022,La Liga,Almeria,Celta Vigo,3,1,WIN
878056,2022-10-29 14:15:00+00:00,2022,La Liga,Cadiz,Atletico Madrid,3,2,WIN
878060,2022-10-29 16:30:00+00:00,2022,La Liga,Sevilla,Rayo Vallecano,0,1,LOSS
878057,2022-10-29 19:00:00+00:00,2022,La Liga,Valencia,Barcelona,0,1,LOSS
878054,2022-10-30 13:00:00+00:00,2022,La Liga,Osasuna,Valladolid,2,0,WIN
878061,2022-10-30 15:15:00+00:00,2022,La Liga,Real Madrid,Girona,1,1,DRAW
878052,2022-10-30 17:30:00+00:00,2022,La Liga,Athletic Club,Villarreal,1,0,WIN
878058,2022-10-30 20:00:00+00:00,2022,La Liga,Real Sociedad,Real Betis,0,2,LOSS
878053,2022-10-31 20:00:00+00:00,2022,La Liga,Elche,Getafe,0,1,LOSS
878067,2022-11-04 20:00:00+00:00,2022,La Liga,Girona,Athletic Club,2,1,WIN
878070,2022-11-05 13:00:00+00:00,2022,La Liga,Getafe,Cadiz,0,0,DRAW
878068,2022-11-05 15:15:00+00:00,2022,La Liga,Valladolid,Elche,2,1,WIN
878064,2022-11-05 17:30:00+00:00,2022,La Liga,Celta Vigo,Osasuna,1,2,LOSS
878071,2022-11-05 20:00:00+00:00,2022,La Liga,Barcelona,Almeria,2,0,WIN
878062,2022-11-06 13:00:00+00:00,2022,La Liga,Atletico Madrid,Espanyol,1,1,DRAW
878065,2022-11-06 15:15:00+00:00,2022,La Liga,Real Sociedad,Valencia,1,1,DRAW
878069,2022-11-06 17:30:00+00:00,2022,La Liga,Villarreal,Mallorca,0,2,LOSS
878063,2022-11-06 20:00:00+00:00,2022,La Liga,Real Betis,Sevilla,1,1,DRAW
878066,2022-11-07 20:00:00+00:00,2022,La Liga,Rayo Vallecano,Real Madrid,3,2,WIN
878073,2022-11-08 18:00:00+00:00,2022,La Liga,Elche,Girona,1,2,LOSS
878072,2022-11-08 19:00:00+00:00,2022,La Liga,Athletic Club,Valladolid,3,0,WIN
878077,2022-11-08 20:30:00+00:00,2022,La Liga,Osasuna,Barcelona,1,2,LOSS
878081,2022-11-09 18:00:00+00:00,2022,La Liga,Sevilla,Real Sociedad,1,2,LOSS
878075,2022-11-09 18:00:00+00:00,2022,La Liga,Almeria,Getafe,1,0,WIN
878074,2022-11-09 19:00:00+00:00,2022,La Liga,Espanyol,Villarreal,0,1,LOSS
878076,2022-11-09 20:30:00+00:00,2022,La Liga,Mallorca,Atletico Madrid,1,0,WIN
878079,2022-11-10 18:00:00+00:00,2022,La Liga,Rayo Vallecano,Celta Vigo,0,0,DRAW
878078,2022-11-10 19:00:00+00:00,2022,La Liga,Valencia,Real Betis,3,0,WIN
878080,2022-11-10 20:30:00+00:00,2022,La Liga,Real Madrid,Cadiz,2,1,WIN
878086,2022-12-29 16:00:00+00:00,2022,La Liga,Girona,Rayo Vallecano,2,2,DRAW
878087,2022-12-29 18:15:00+00:00,2022,La Liga,Real Betis,Athletic Club,0,0,DRAW
878082,2022-12-29 20:30:00+00:00,2022,La Liga,Atletico Madrid,Elche,2,0,WIN
878085,2022-12-30 16:00:00+00:00,2022,La Liga,Getafe,Mallorca,2,0,WIN
878084,2022-12-30 18:15:00+00:00,2022,La Liga,Celta Vigo,Sevilla,1,1,DRAW
878091,2022-12-30 18:15:00+00:00,2022,La Liga,Cadiz,Almeria,1,1,DRAW
878089,2022-12-30 20:30:00+00:00,2022,La Liga,Valladolid,Real Madrid,0,2,LOSS
878083,2022-12-31 13:00:00+00:00,2022,La Liga,Barcelona,Espanyol,1,1,DRAW
878090,2022-12-31 15:15:00+00:00,2022,La Liga,Villarreal,Valencia,2,1,WIN
878088,2022-12-31 15:15:00+00:00,2022,La Liga,Real Sociedad,Osasuna,2,0,WIN
878098,2023-01-06 17:30:00+00:00,2022,La Liga,Elche,Celta Vigo,0,1,LOSS
878100,2023-01-06 20:00:00+00:00,2022,La Liga,Valencia,Cadiz,0,1,LOSS
878101,2023-01-07 15:15:00+00:00,2022,La Liga,Villarreal,Real Madrid,2,1,WIN
878094,2023-01-07 17:30:00+00:00,2022,La Liga,Mallorca,Valladolid,1,0,WIN
878095,2023-01-07 20:00:00+00:00,2022,La Liga,Espanyol,Girona,2,2,DRAW
878096,2023-01-08 13:00:00+00:00,2022,La Liga,Almeria,Real Sociedad,0,2,LOSS
878097,2023-01-08 15:15:00+00:00,2022,La Liga,Rayo Vallecano,Real Betis,1,2,LOSS
878099,2023-01-08 17:30:00+00:00,2022,La Liga,Sevilla,Getafe,2,1,WIN
878093,2023-01-08 20:00:00+00:00,2022,La Liga,Atletico Madrid,Barcelona,0,1,LOSS
878092,2023-01-09 20:00:00+00:00,2022,La Liga,Athletic Club,Osasuna,0,0,DRAW
878102,2023-01-13 20:00:00+00:00,2022,La Liga,Celta Vigo,Villarreal,1,1,DRAW
878111,2023-01-14 13:00:00+00:00,2022,La Liga,Valladolid,Rayo Vallecano,0,1,LOSS
878106,2023-01-14 15:15:00+00:00,2022,La Liga,Girona,Sevilla,2,1,WIN
878109,2023-01-14 17:30:00+00:00,2022,La Liga,Osasuna,Mallorca,1,0,WIN
878107,2023-01-14 20:00:00+00:00,2022,La Liga,Real Sociedad,Athletic Club,3,1,WIN
878110,2023-01-15 13:00:00+00:00,2022,La Liga,Getafe,Espanyol,1,2,LOSS
878105,2023-01-15 15:15:00+00:00,2022,La Liga,Almeria,Atletico Madrid,1,1,DRAW
878103,2023-01-16 20:00:00+00:00,2022,La Liga,Cadiz,Elche,1,1,DRAW
878118,2023-01-20 20:00:00+00:00,2022,La Liga,Mallorca,Celta Vigo,1,0,WIN
878116,2023-01-21 13:00:00+00:00,2022,La Liga,Rayo Vallecano,Real Sociedad,0,2,LOSS
878117,2023-01-21 15:15:00+00:00,2022,La Liga,Espanyol,Real Betis,1,0,WIN
878113,2023-01-21 17:30:00+00:00,2022,La Liga,Atletico Madrid,Valladolid,3,0,WIN
878119,2023-01-21 20:00:00+00:00,2022,La Liga,Sevilla,Cadiz,1,0,WIN
878121,2023-01-22 13:00:00+00:00,2022,La Liga,Villarreal,Girona,1,0,WIN
878115,2023-01-22 15:15:00+00:00,2022,La Liga,Elche,Osasuna,1,1,DRAW
878114,2023-01-22 17:30:00+00:00,2022,La Liga,Barcelona,Getafe,1,0,WIN
878112,2023-01-22 20:00:00+00:00,2022,La Liga,Athletic Club,Real Madrid,0,2,LOSS
878120,2023-01-23 20:00:00+00:00,2022,La Liga,Valencia,Almeria,2,2,DRAW
878124,2023-01-27 20:00:00+00:00,2022,La Liga,Almeria,Espanyol,3,1,WIN
878122,2023-01-28 13:00:00+00:00,2022,La Liga,Cadiz,Mallorca,2,0,WIN
878127,2023-01-28 15:15:00+00:00,2022,La Liga,Girona,Barcelona,0,1,LOSS
878129,2023-01-28 17:30:00+00:00,2022,La Liga,Sevilla,Elche,3,0,WIN
878128,2023-01-28 20:00:00+00:00,2022,La Liga,Getafe,Real Betis,0,1,LOSS
878130,2023-01-29 13:00:00+00:00,2022,La Liga,Valladolid,Valencia,1,0,WIN
878126,2023-01-29 15:15:00+00:00,2022,La Liga,Osasuna,Atletico Madrid,0,1,LOSS
878125,2023-01-29 17:30:00+00:00,2022,La Liga,Celta Vigo,Athletic Club,1,0,WIN
878123,2023-01-29 20:00:00+00:00,2022,La Liga,Real Madrid,Real Sociedad,0,0,DRAW
878131,2023-01-30 20:00:00+00:00,2022,La Liga,Villarreal,Rayo Vallecano,0,1,LOSS
878108,2023-02-01 20:00:00+00:00,2022,La Liga,Real Betis,Barcelona,1,2,LOSS
878104,2023-02-02 20:00:00+00:00,2022,La Liga,Real Madrid,Valencia,2,0,WIN
878132,2023-02-03 20:00:00+00:00,2022,La Liga,Athletic Club,Cadiz,4,1,WIN
878138,2023-02-04 13:00:00+00:00,2022,La Liga,Espanyol,Osasuna,1,1,DRAW
878136,2023-02-04 15:15:00+00:00,2022,La Liga,Elche,Villarreal,3,1,WIN
878133,2023-02-04 17:30:00+00:00,2022,La Liga,Atletico Madrid,Getafe,1,1,DRAW
878135,2023-02-04 20:00:00+00:00,2022,La Liga,Real Betis,Celta Vigo,3,4,LOSS
878137,2023-02-05 13:00:00+00:00,2022,La Liga,Mallorca,Real Madrid,1,0,WIN
878140,2023-02-05 15:15:00+00:00,2022,La Liga,Girona,Valencia,1,0,WIN
878139,2023-02-05 17:30:00+00:00,2022,La Liga,Real Sociedad,Valladolid,0,1,LOSS
878134,2023-02-05 20:00:00+00:00,2022,La Liga,Barcelona,Sevilla,3,0,WIN
878141,2023-02-06 20:00:00+00:00,2022,La Liga,Rayo Vallecano,Almeria,2,0,WIN
878143,2023-02-10 20:00:00+00:00,2022,La Liga,Cadiz,Girona,2,0,WIN
878145,2023-02-11 15:15:00+00:00,2022,La Liga,Almeria,Real Betis,2,3,LOSS
878150,2023-02-11 17:30:00+00:00,2022,La Liga,Sevilla,Mallorca,2,0,WIN
878146,2023-02-11 20:00:00+00:00,2022,La Liga,Valencia,Athletic Club,1,2,LOSS
878142,2023-02-12 13:00:00+00:00,2022,La Liga,Getafe,Rayo Vallecano,1,1,DRAW
878147,2023-02-12 15:15:00+00:00,2022,La Liga,Celta Vigo,Atletico Madrid,0,1,LOSS
878151,2023-02-12 17:30:00+00:00,2022,La Liga,Valladolid,Osasuna,0,0,DRAW
878148,2023-02-12 20:00:00+00:00,2022,La Liga,Villarreal,Barcelona,0,1,LOSS
878144,2023-02-13 20:00:00+00:00,2022,La Liga,Espanyol,Real Sociedad,2,3,LOSS
878149,2023-02-15 20:00:00+00:00,2022,La Liga,Real Madrid,Elche,4,0,WIN
878161,2023-02-17 20:00:00+00:00,2022,La Liga,Girona,Almeria,6,2,WIN
878160,2023-02-18 13:00:00+00:00,2022,La Liga,Real Sociedad,Celta Vigo,1,1,DRAW
878153,2023-02-18 15:15:00+00:00,2022,La Liga,Real Betis,Valladolid,2,1,WIN
878155,2023-02-18 17:30:00+00:00,2022,La Liga,Mallorca,Villarreal,4,2,WIN
878157,2023-02-18 20:00:00+00:00,2022,La Liga,Osasuna,Real Madrid,0,2,LOSS
878154,2023-02-19 13:00:00+00:00,2022,La Liga,Elche,Espanyol,0,1,LOSS
878158,2023-02-19 15:15:00+00:00,2022,La Liga,Rayo Vallecano,Sevilla,1,1,DRAW
878159,2023-02-19 17:30:00+00:00,2022,La Liga,Atletico Madrid,Athletic Club,1,0,WIN
878152,2023-02-19 20:00:00+00:00,2022,La Liga,Barcelona,Cadiz,2,0,WIN
878156,2023-02-20 20:00:00+00:00,2022,La Liga,Getafe,Valencia,1,0,WIN
878168,2023-02-24 20:00:00+00:00,2022,La Liga,Elche,Real Betis,2,3,LOSS
878165,2023-02-25 13:00:00+00:00,2022,La Liga,Espanyol,Mallorca,2,1,WIN
878164,2023-02-25 15:15:00+00:00,2022,La Liga,Cadiz,Rayo Vallecano,1,0,WIN
878167,2023-02-25 17:30:00+00:00,2022,La Liga,Real Madrid,Atletico Madrid,1,1,DRAW
878171,2023-02-25 20:00:00+00:00,2022,La Liga,Valencia,Real Sociedad,1,0,WIN
878162,2023-02-26 13:00:00+00:00,2022,La Liga,Athletic Club,Girona,2,3,LOSS
878163,2023-02-26 15:15:00+00:00,2022,La Liga,Celta Vigo,Valladolid,3,0,WIN
878166,2023-02-26 17:30:00+00:00,2022,La Liga,Almeria,Barcelona,1,0,WIN
878170,2023-02-26 20:00:00+00:00,2022,La Liga,Sevilla,Osasuna,2,3,LOSS
878169,2023-02-27 20:00:00+00:00,2022,La Liga,Villarreal,Getafe,2,1,WIN
878180,2023-03-03 20:00:00+00:00,2022,La Liga,Real Sociedad,Cadiz,0,0,DRAW
878175,2023-03-04 13:00:00+00:00,2022,La Liga,Getafe,Girona,3,2,WIN
878176,2023-03-04 15:15:00+00:00,2022,La Liga,Almeria,Villarreal,0,2,LOSS
878179,2023-03-04 17:30:00+00:00,2022,La Liga,Mallorca,Elche,0,1,LOSS
878172,2023-03-04 20:00:00+00:00,2022,La Liga,Atletico Madrid,Sevilla,6,1,WIN
878181,2023-03-05 13:00:00+00:00,2022,La Liga,Valladolid,Espanyol,2,1,WIN
878173,2023-03-05 15:15:00+00:00,2022,La Liga,Barcelona,Valencia,1,0,WIN
878177,2023-03-05 17:30:00+00:00,2022,La Liga,Rayo Vallecano,Athletic Club,0,0,DRAW
878174,2023-03-05 20:00:00+00:00,2022,La Liga,Real Betis,Real Madrid,0,0,DRAW
878178,2023-03-06 20:00:00+00:00,2022,La Liga,Osasuna,Celta Vigo,0,0,DRAW
878186,2023-03-10 20:00:00+00:00,2022,La Liga,Cadiz,Getafe,2,2,DRAW
878189,2023-03-11 13:00:00+00:00,2022,La Liga,Real Madrid,Espanyol,3,1,WIN
878184,2023-03-11 15:15:00+00:00,2022,La Liga,Elche,Valladolid,1,1,DRAW
878183,2023-03-11 17:30:00+00:00,2022,La Liga,Celta Vigo,Rayo Vallecano,3,0,WIN
878190,2023-03-11 20:00:00+00:00,2022,La Liga,Valencia,Osasuna,1,0,WIN
878185,2023-03-12 13:00:00+00:00,2022,La Liga,Mallorca,Real Sociedad,1,1,DRAW
878191,2023-03-12 15:15:00+00:00,2022,La Liga,Sevilla,Almeria,2,1,WIN
878188,2023-03-12 17:30:00+00:00,2022,La Liga,Villarreal,Real Betis,1,1,DRAW
878182,2023-03-12 20:00:00+00:00,2022,La Liga,Athletic Club,Barcelona,0,1,LOSS
878187,2023-03-13 20:00:00+00:00,2022,La Liga,Girona,Atletico Madrid,0,1,LOSS
878198,2023-03-17 20:00:00+00:00,2022,La Liga,Valladolid,Athletic Club,1,3,LOSS
878197,2023-03-18 13:00:00+00:00,2022,La Liga,Almeria,Cadiz,1,1,DRAW
878201,2023-03-18 15:15:00+00:00,2022,La Liga,Rayo Vallecano,Girona,2,2,DRAW
878199,2023-03-18 17:30:00+00:00,2022,La Liga,Espanyol,Celta Vigo,1,3,LOSS
878192,2023-03-18 20:00:00+00:00,2022,La Liga,Atletico Madrid,Valencia,3,0,WIN
878194,2023-03-19 13:00:00+00:00,2022,La Liga,Real Betis,Mallorca,1,0,WIN
878200,2023-03-19 15:15:00+00:00,2022,La Liga,Real Sociedad,Elche,2,0,WIN
878196,2023-03-19 15:15:00+00:00,2022,La Liga,Osasuna,Villarreal,0,3,LOSS
878195,2023-03-19 17:30:00+00:00,2022,La Liga,Getafe,Sevilla,2,0,WIN
878193,2023-03-19 20:00:00+00:00,2022,La Liga,Barcelona,Real Madrid,2,1,WIN
878204,2023-03-31 19:00:00+00:00,2022,La Liga,Mallorca,Osasuna,0,0,DRAW
878208,2023-04-01 12:00:00+00:00,2022,La Liga,Girona,Espanyol,2,1,WIN
878202,2023-04-01 14:15:00+00:00,2022,La Liga,Athletic Club,Getafe,0,0,DRAW
878205,2023-04-01 16:30:00+00:00,2022,La Liga,Cadiz,Sevilla,0,2,LOSS
878207,2023-04-01 19:00:00+00:00,2022,La Liga,Elche,Barcelona,0,4,LOSS
878211,2023-04-02 12:00:00+00:00,2022,La Liga,Celta Vigo,Almeria,2,2,DRAW
878206,2023-04-02 14:15:00+00:00,2022,La Liga,Real Madrid,Valladolid,6,0,WIN
878209,2023-04-02 16:30:00+00:00,2022,La Liga,Villarreal,Real Sociedad,2,0,WIN
878203,2023-04-02 19:00:00+00:00,2022,La Liga,Atletico Madrid,Real Betis,1,0,WIN
878210,2023-04-03 19:00:00+00:00,2022,La Liga,Valencia,Rayo Vallecano,1,1,DRAW
878218,2023-04-07 19:00:00+00:00,2022,La Liga,Sevilla,Celta Vigo,2,2,DRAW
878219,2023-04-08 12:00:00+00:00,2022,La Liga,Osasuna,Elche,2,1,WIN
878216,2023-04-08 14:15:00+00:00,2022,La Liga,Espanyol,Athletic Club,1,2,LOSS
878221,2023-04-08 16:30:00+00:00,2022,La Liga,Real Sociedad,Getafe,2,0,WIN
878214,2023-04-08 19:00:00+00:00,2022,La Liga,Real Madrid,Villarreal,2,3,LOSS
878220,2023-04-09 12:00:00+00:00,2022,La Liga,Valladolid,Mallorca,3,3,DRAW
878213,2023-04-09 14:15:00+00:00,2022,La Liga,Real Betis,Cadiz,0,2,LOSS
878215,2023-04-09 16:30:00+00:00,2022,La Liga,Almeria,Valencia,2,1,WIN
878217,2023-04-09 19:00:00+00:00,2022,La Liga,Rayo Vallecano,Atletico Madrid,1,2,LOSS
878212,2023-04-10 19:00:00+00:00,2022,La Liga,Barcelona,Girona,0,0,DRAW
878229,2023-04-14 19:00:00+00:00,2022,La Liga,Rayo Vallecano,Osasuna,2,1,WIN
878226,2023-04-15 12:00:00+00:00,2022,La Liga,Villarreal,Valladolid,1,2,LOSS
878222,2023-04-15 14:15:00+00:00,2022,La Liga,Athletic Club,Real Sociedad,2,0,WIN
878223,2023-04-15 16:30:00+00:00,2022,La Liga,Real Betis,Espanyol,3,1,WIN
878225,2023-04-15 19:00:00+00:00,2022,La Liga,Cadiz,Real Madrid,0,2,LOSS
878228,2023-04-16 12:00:00+00:00,2022,La Liga,Girona,Elche,2,0,WIN
878227,2023-04-16 14:15:00+00:00,2022,La Liga,Getafe,Barcelona,0,0,DRAW
878231,2023-04-16 16:30:00+00:00,2022,La Liga,Atletico Madrid,Almeria,2,1,WIN
878230,2023-04-16 19:00:00+00:00,2022,La Liga,Valencia,Sevilla,0,2,LOSS
878224,2023-04-17 19:00:00+00:00,2022,La Liga,Celta Vigo,Mallorca,0,1,LOSS
878239,2023-04-21 19:00:00+00:00,2022,La Liga,Espanyol,Cadiz,0,0,DRAW
878236,2023-04-22 12:00:00+00:00,2022,La Liga,Osasuna,Real Betis,3,2,WIN
878234,2023-04-22 14:15:00+00:00,2022,La Liga,Almeria,Athletic Club,1,2,LOSS
878240,2023-04-22 16:30:00+00:00,2022,La Liga,Real Sociedad,Rayo Vallecano,2,1,WIN
878241,2023-04-22 16:30:00+00:00,2022,La Liga,Valladolid,Girona,1,0,WIN
878237,2023-04-22 19:00:00+00:00,2022,La Liga,Real Madrid,Celta Vigo,2,0,WIN
878232,2023-04-23 12:00:00+00:00,2022,La Liga,Elche,Valencia,0,2,LOSS
878235,2023-04-23 14:15:00+00:00,2022,La Liga,Barcelona,Atletico Madrid,1,0,WIN
878238,2023-04-23 16:30:00+00:00,2022,La Liga,Mallorca,Getafe,3,1,WIN
878233,2023-04-23 19:00:00+00:00,2022,La Liga,Sevilla,Villarreal,2,1,WIN
878248,2023-04-25 17:30:00+00:00,2022,La Liga,Girona,Real Madrid,4,2,WIN
878246,2023-04-25 17:30:00+00:00,2022,La Liga,Cadiz,Osasuna,0,1,LOSS
878244,2023-04-25 20:00:00+00:00,2022,La Liga,Real Betis,Real Sociedad,0,0,DRAW
878243,2023-04-26 17:30:00+00:00,2022,La Liga,Atletico Madrid,Mallorca,3,1,WIN
878251,2023-04-26 17:30:00+00:00,2022,La Liga,Getafe,Almeria,1,2,LOSS
878245,2023-04-26 20:00:00+00:00,2022,La Liga,Celta Vigo,Elche,1,0,WIN
878249,2023-04-26 20:00:00+00:00,2022,La Liga,Rayo Vallecano,Barcelona,2,1,WIN
878247,2023-04-27 17:30:00+00:00,2022,La Liga,Valencia,Valladolid,2,1,WIN
878250,2023-04-27 17:30:00+00:00,2022,La Liga,Villarreal,Espanyol,4,2,WIN
878242,2023-04-27 20:00:00+00:00,2022,La Liga,Athletic Club,Sevilla,0,1,LOSS
878256,2023-04-28 19:00:00+00:00,2022,La Liga,Osasuna,Real Sociedad,0,2,LOSS
878253,2023-04-29 14:15:00+00:00,2022,La Liga,Elche,Rayo Vallecano,4,0,WIN
878260,2023-04-29 16:30:00+00:00,2022,La Liga,Real Madrid,Almeria,4,2,WIN
878252,2023-04-29 19:00:00+00:00,2022,La Liga,Barcelona,Real Betis,4,0,WIN
878254,2023-04-30 12:00:00+00:00,2022,La Liga,Cadiz,Valencia,2,1,WIN
878259,2023-04-30 14:15:00+00:00,2022,La Liga,Villarreal,Celta Vigo,3,1,WIN
878255,2023-04-30 16:30:00+00:00,2022,La Liga,Espanyol,Getafe,1,0,WIN
878258,2023-04-30 19:00:00+00:00,2022,La Liga,Valladolid,Atletico Madrid,2,5,LOSS
878257,2023-05-01 17:00:00+00:00,2022,La Liga,Mallorca,Athletic Club,1,1,DRAW
878261,2023-05-01 19:00:00+00:00,2022,La Liga,Sevilla,Girona,0,2,LOSS
878264,2023-05-02 17:30:00+00:00,2022,La Liga,Barcelona,Osasuna,1,0,WIN
878267,2023-05-02 17:30:00+00:00,2022,La Liga,Almeria,Elche,2,1,WIN
878271,2023-05-02 20:00:00+00:00,2022,La Liga,Real Sociedad,Real Madrid,2,0,WIN
878265,2023-05-03 17:30:00+00:00,2022,La Liga,Valencia,Villarreal,1,1,DRAW
878263,2023-05-03 20:00:00+00:00,2022,La Liga,Atletico Madrid,Cadiz,5,1,WIN
878269,2023-05-03 20:00:00+00:00,2022,La Liga,Getafe,Celta Vigo,1,0,WIN
878270,2023-05-04 17:30:00+00:00,2022,La Liga,Sevilla,Espanyol,3,2,WIN
878268,2023-05-04 17:30:00+00:00,2022,La Liga,Girona,Mallorca,2,1,WIN
878262,2023-05-04 20:00:00+00:00,2022,La Liga,Athletic Club,Real Betis,0,1,LOSS
878266,2023-05-04 20:00:00+00:00,2022,La Liga,Rayo Vallecano,Valladolid,2,1,WIN
878278,2023-05-12 19:00:00+00:00,2022,La Liga,Mallorca,Cadiz,1,0,WIN
878281,2023-05-13 12:00:00+00:00,2022,La Liga,Real Sociedad,Girona,2,2,DRAW
878280,2023-05-13 14:15:00+00:00,2022,La Liga,Osasuna,Almeria,3,1,WIN
878274,2023-05-13 16:30:00+00:00,2022,La Liga,Villarreal,Athletic Club,5,1,WIN
878277,2023-05-13 19:00:00+00:00,2022,La Liga,Real Madrid,Getafe,1,0,WIN
878273,2023-05-14 12:00:00+00:00,2022,La Liga,Celta Vigo,Valencia,1,2,LOSS
878275,2023-05-14 14:15:00+00:00,2022,La Liga,Elche,Atletico Madrid,1,0,WIN
878279,2023-05-14 16:30:00+00:00,2022,La Liga,Valladolid,Sevilla,0,3,LOSS
878276,2023-05-14 19:00:00+00:00,2022,La Liga,Espanyol,Barcelona,2,4,LOSS
878272,2023-05-15 19:00:00+00:00,2022,La Liga,Real Betis,Rayo Vallecano,3,1,WIN
878285,2023-05-19 19:00:00+00:00,2022,La Liga,Cadiz,Valladolid,2,0,WIN
878287,2023-05-20 12:00:00+00:00,2022,La Liga,Girona,Villarreal,1,2,LOSS
878282,2023-05-20 14:15:00+00:00,2022,La Liga,Athletic Club,Celta Vigo,2,1,WIN
878289,2023-05-20 16:30:00+00:00,2022,La Liga,Getafe,Elche,1,1,DRAW
878286,2023-05-20 16:30:00+00:00,2022,La Liga,Almeria,Mallorca,3,0,WIN
878284,2023-05-20 19:00:00+00:00,2022,La Liga,Barcelona,Real Sociedad,1,2,LOSS
878290,2023-05-21 12:00:00+00:00,2022,La Liga,Rayo Vallecano,Espanyol,1,2,LOSS
878283,2023-05-21 14:15:00+00:00,2022,La Liga,Atletico Madrid,Osasuna,3,0,WIN
878291,2023-05-21 16:30:00+00:00,2022,La Liga,Valencia,Real Madrid,1,0,WIN
878288,2023-05-21 19:00:00+00:00,2022,La Liga,Sevilla,Real Betis,0,0,DRAW
878293,2023-05-23 17:30:00+00:00,2022,La Liga,Celta Vigo,Girona,1,1,DRAW
878301,2023-05-23 17:30:00+00:00,2022,La Liga,Real Sociedad,Almeria,1,0,WIN
878298,2023-05-23 20:00:00+00:00,2022,La Liga,Valladolid,Barcelona,3,1,WIN
878299,2023-05-24 17:30:00+00:00,2022,La Liga,Villarreal,Cadiz,2,0,WIN
878300,2023-05-24 17:30:00+00:00,2022,La Liga,Real Madrid,Rayo Vallecano,2,1,WIN
878294,2023-05-24 17:30:00+00:00,2022,La Liga,Elche,Sevilla,1,1,DRAW
878297,2023-05-24 20:00:00+00:00,2022,La Liga,Espanyol,Atletico Madrid,3,3,DRAW
878292,2023-05-24 20:00:00+00:00,2022,La Liga,Real Betis,Getafe,0,1,LOSS
878295,2023-05-25 17:30:00+00:00,2022,La Liga,Mallorca,Valencia,1,0,WIN
878296,2023-05-25 19:30:00+00:00,2022,La Liga,Osasuna,Athletic Club,2,0,WIN
878311,2023-05-27 17:00:00+00:00,2022,La Liga,Sevilla,Real Madrid,1,2,LOSS
878304,2023-05-28 17:00:00+00:00,2022,La Liga,Barcelona,Mallorca,3,0,WIN
878303,2023-05-28 17:00:00+00:00,2022,La Liga,Atletico Madrid,Real Sociedad,2,1,WIN
878302,2023-05-28 17:00:00+00:00,2022,La Liga,Athletic Club,Elche,0,1,LOSS
878310,2023-05-28 17:00:00+00:00,2022,La Liga,Valencia,Espanyol,2,2,DRAW
878305,2023-05-28 17:00:00+00:00,2022,La Liga,Getafe,Osasuna,2,1,WIN
878309,2023-05-28 17:00:00+00:00,2022,La Liga,Girona,Real Betis,1,2,LOSS
878308,2023-05-28 17:00:00+00:00,2022,La Liga,Almeria,Valladolid,0,0,DRAW
878306,2023-05-28 17:00:00+00:00,2022,La Liga,Cadiz,Celta Vigo,1,0,WIN
878307,2023-05-28 17:00:00+00:00,2022,La Liga,Rayo Vallecano,Villarreal,2,1,WIN
878316,2023-06-04 16:30:00+00:00,2022,La Liga,Villarreal,Atletico Madrid,2,2,DRAW
878315,2023-06-04 16:30:00+00:00,2022,La Liga,Real Madrid,Athletic Club,1,1,DRAW
878314,2023-06-04 16:30:00+00:00,2022,La Liga,Real Sociedad,Sevilla,2,1,WIN
878321,2023-06-04 16:30:00+00:00,2022,La Liga,Osasuna,Girona,2,1,WIN
878313,2023-06-04 16:30:00+00:00,2022,La Liga,Mallorca,Rayo Vallecano,3,0,WIN
878317,2023-06-04 19:00:00+00:00,2022,La Liga,Celta Vigo,Barcelona,2,1,WIN
878320,2023-06-04 19:00:00+00:00,2022,La Liga,Espanyol,Almeria,3,3,DRAW
878312,2023-06-04 19:00:00+00:00,2022,La Liga,Real Betis,Valencia,1,1,DRAW
878318,2023-06-04 19:00:00+00:00,2022,La Liga,Valladolid,Getafe,0,0,DRAW
878319,2023-06-04 19:00:00+00:00,2022,La Liga,Elche,Cadiz,1,1,DRAW
1037952,2023-08-11 17:30:00+00:00,2023,La Liga,Almeria,Rayo Vallecano,0,2,LOSS
1037956,2023-08-11 20:00:00+00:00,2023,La Liga,Sevilla,Valencia,1,2,LOSS
1037960,2023-08-12 15:00:00+00:00,2023,La Liga,Real Sociedad,Girona,1,1,DRAW
1037957,2023-08-12 17:30:00+00:00,2023,La Liga,Las Palmas,Mallorca,1,1,DRAW
1037953,2023-08-12 19:30:00+00:00,2023,La Liga,Athletic Club,Real Madrid,0,2,LOSS
1037955,2023-08-13 15:00:00+00:00,2023,La Liga,Celta Vigo,Osasuna,0,2,LOSS
1037959,2023-08-13 17:30:00+00:00,2023,La Liga,Villarreal,Real Betis,1,2,LOSS
1037958,2023-08-13 19:30:00+00:00,2023,La Liga,Getafe,Barcelona,0,0,DRAW
1037961,2023-08-14 17:30:00+00:00,2023,La Liga,Cadiz,Alaves,1,0,WIN
1037954,2023-08-14 19:30:00+00:00,2023,La Liga,Atletico Madrid,Granada CF,3,1,WIN
1037964,2023-08-18 17:30:00+00:00,2023,La Liga,Mallorca,Villarreal,0,1,LOSS
1037971,2023-08-18 19:30:00+00:00,2023,La Liga,Valencia,Las Palmas,1,0,WIN
1037969,2023-08-19 15:00:00+00:00,2023,La Liga,Real Sociedad,Celta Vigo,1,1,DRAW
1037962,2023-08-19 17:30:00+00:00,2023,La Liga,Almeria,Real Madrid,1,3,LOSS
1037967,2023-08-19 19:30:00+00:00,2023,La Liga,Osasuna,Athletic Club,0,2,LOSS
1037970,2023-08-20 17:00:00+00:00,2023,La Liga,Girona,Getafe,3,0,WIN
1037963,2023-08-20 17:30:00+00:00,2023,La Liga,Barcelona,Cadiz,2,0,WIN
1037968,2023-08-20 19:30:00+00:00,2023,La Liga,Real Betis,Atletico Madrid,0,0,DRAW
1037966,2023-08-21 17:00:00+00:00,2023,La Liga,Alaves,Sevilla,4,3,WIN
1037965,2023-08-21 19:30:00+00:00,2023,La Liga,Granada CF,Rayo Vallecano,0,2,LOSS
1037975,2023-08-25 17:30:00+00:00,2023,La Liga,Las Palmas,Real Sociedad,0,0,DRAW
1037973,2023-08-25 19:30:00+00:00,2023,La Liga,Celta Vigo,Real Madrid,0,1,LOSS
1037976,2023-08-26 17:00:00+00:00,2023,La Liga,Cadiz,Almeria,1,1,DRAW
1037974,2023-08-26 17:30:00+00:00,2023,La Liga,Granada CF,Mallorca,3,2,WIN
1037979,2023-08-26 19:30:00+00:00,2023,La Liga,Sevilla,Girona,1,2,LOSS
1037978,2023-08-27 15:30:00+00:00,2023,La Liga,Villarreal,Barcelona,3,4,LOSS
1037980,2023-08-27 17:30:00+00:00,2023,La Liga,Valencia,Osasuna,1,2,LOSS
1037972,2023-08-27 19:30:00+00:00,2023,La Liga,Athletic Club,Real Betis,4,2,WIN
1037981,2023-08-28 17:30:00+00:00,2023,La Liga,Getafe,Alaves,1,0,WIN
1037977,2023-08-28 19:30:00+00:00,2023,La Liga,Rayo Vallecano,Atletico Madrid,0,7,LOSS
1037985,2023-09-01 17:30:00+00:00,2023,La Liga,Cadiz,Villarreal,3,1,WIN
1037982,2023-09-01 20:00:00+00:00,2023,La Liga,Almeria,Celta Vigo,2,3,LOSS
1037991,2023-09-02 12:00:00+00:00,2023,La Liga,Real Sociedad,Granada CF,5,3,WIN
1037990,2023-09-02 14:15:00+00:00,2023,La Liga,Real Madrid,Getafe,2,1,WIN
1037987,2023-09-02 16:30:00+00:00,2023,La Liga,Alaves,Valencia,1,0,WIN
1037984,2023-09-02 19:00:00+00:00,2023,La Liga,Real Betis,Rayo Vallecano,1,0,WIN
1037986,2023-09-03 12:00:00+00:00,2023,La Liga,Girona,Las Palmas,1,0,WIN
1037988,2023-09-03 14:15:00+00:00,2023,La Liga,Mallorca,Athletic Club,0,0,DRAW
1037989,2023-09-03 19:00:00+00:00,2023,La Liga,Osasuna,Barcelona,1,2,LOSS
1038001,2023-09-15 19:00:00+00:00,2023,La Liga,Rayo Vallecano,Alaves,2,0,WIN
1037992,2023-09-16 12:00:00+00:00,2023,La Liga,Athletic Club,Cadiz,3,0,WIN
1037998,2023-09-16 14:15:00+00:00,2023,La Liga,Valencia,Atletico Madrid,3,0,WIN
1037994,2023-09-16 16:30:00+00:00,2023,La Liga,Celta Vigo,Mallorca,0,1,LOSS
1037993,2023-09-16 19:00:00+00:00,2023,La Liga,Barcelona,Real Betis,5,0,WIN
1037995,2023-09-17 12:00:00+00:00,2023,La Liga,Getafe,Osasuna,3,2,WIN
1037997,2023-09-17 14:15:00+00:00,2023,La Liga,Villarreal,Almeria,2,1,WIN
1038000,2023-09-17 16:30:00+00:00,2023,La Liga,Sevilla,Las Palmas,1,0,WIN
1037996,2023-09-17 19:00:00+00:00,2023,La Liga,Real Madrid,Real Sociedad,2,1,WIN
1037999,2023-09-18 19:00:00+00:00,2023,La Liga,Granada CF,Girona,2,4,LOSS
1038009,2023-09-22 19:00:00+00:00,2023,La Liga,Alaves,Athletic Club,0,2,LOSS
1038006,2023-09-23 12:00:00+00:00,2023,La Liga,Girona,Mallorca,5,3,WIN
1038007,2023-09-23 14:15:00+00:00,2023,La Liga,Osasuna,Sevilla,0,0,DRAW
1038004,2023-09-23 16:30:00+00:00,2023,La Liga,Barcelona,Celta Vigo,3,2,WIN
1038002,2023-09-23 19:00:00+00:00,2023,La Liga,Almeria,Valencia,2,2,DRAW
1038010,2023-09-24 12:00:00+00:00,2023,La Liga,Real Sociedad,Getafe,4,3,WIN
1038008,2023-09-24 14:15:00+00:00,2023,La Liga,Rayo Vallecano,Villarreal,1,1,DRAW
1038011,2023-09-24 16:30:00+00:00,2023,La Liga,Las Palmas,Granada CF,1,0,WIN
1038005,2023-09-24 16:30:00+00:00,2023,La Liga,Real Betis,Cadiz,1,1,DRAW
1038003,2023-09-24 19:00:00+00:00,2023,La Liga,Atletico Madrid,Real Madrid,3,1,WIN
1038014,2023-09-26 17:00:00+00:00,2023,La Liga,Sevilla,Almeria,5,1,WIN
1038016,2023-09-26 19:30:00+00:00,2023,La Liga,Mallorca,Barcelona,2,2,DRAW
1038012,2023-09-27 17:00:00+00:00,2023,La Liga,Athletic Club,Getafe,2,2,DRAW
1038018,2023-09-27 17:00:00+00:00,2023,La Liga,Villarreal,Girona,1,2,LOSS
1038020,2023-09-27 17:00:00+00:00,2023,La Liga,Real Madrid,Las Palmas,2,0,WIN
1038019,2023-09-27 19:30:00+00:00,2023,La Liga,Valencia,Real Sociedad,0,1,LOSS
1038013,2023-09-27 19:30:00+00:00,2023,La Liga,Cadiz,Rayo Vallecano,0,0,DRAW
1038021,2023-09-28 17:00:00+00:00,2023,La Liga,Celta Vigo,Alaves,1,1,DRAW
1038017,2023-09-28 17:00:00+00:00,2023,La Liga,Granada CF,Real Betis,1,1,DRAW
1038015,2023-09-28 19:30:00+00:00,2023,La Liga,Osasuna,Atletico Madrid,0,2,LOSS
1038024,2023-09-29 19:00:00+00:00,2023,La Liga,Barcelona,Sevilla,1,0,WIN
1038026,2023-09-30 12:00:00+00:00,2023,La Liga,Getafe,Villarreal,0,0,DRAW
1038031,2023-09-30 14:15:00+00:00,2023,La Liga,Rayo Vallecano,Mallorca,2,2,DRAW
1038027,2023-09-30 16:30:00+00:00,2023,La Liga,Girona,Real Madrid,0,3,LOSS
1038029,2023-09-30 19:00:00+00:00,2023,La Liga,Real Sociedad,Athletic Club,3,0,WIN
1038022,2023-10-01 12:00:00+00:00,2023,La Liga,Almeria,Granada CF,3,3,DRAW
1038028,2023-10-01 14:15:00+00:00,2023,La Liga,Alaves,Osasuna,0,2,LOSS
1038023,2023-10-01 19:00:00+00:00,2023,La Liga,Atletico Madrid,Cadiz,3,2,WIN
1038025,2023-10-01 19:00:00+00:00,2023,La Liga,Real Betis,Valencia,3,0,WIN
1038030,2023-10-02 19:00:00+00:00,2023,La Liga,Las Palmas,Celta Vigo,2,1,WIN
1038037,2023-10-06 19:00:00+00:00,2023,La Liga,Athletic Club,Almeria,3,0,WIN
1038033,2023-10-07 12:00:00+00:00,2023,La Liga,Cadiz,Girona,0,1,LOSS
1038039,2023-10-07 14:15:00+00:00,2023,La Liga,Real Madrid,Osasuna,4,0,WIN
1038035,2023-10-07 16:30:00+00:00,2023,La Liga,Mallorca,Valencia,1,1,DRAW
1038040,2023-10-07 19:00:00+00:00,2023,La Liga,Sevilla,Rayo Vallecano,2,2,DRAW
1038041,2023-10-08 12:00:00+00:00,2023,La Liga,Villarreal,Las Palmas,1,2,LOSS
1038032,2023-10-08 14:15:00+00:00,2023,La Liga,Atletico Madrid,Real Sociedad,2,1,WIN
1038034,2023-10-08 16:30:00+00:00,2023,La Liga,Celta Vigo,Getafe,2,2,DRAW
1038036,2023-10-08 16:30:00+00:00,2023,La Liga,Alaves,Real Betis,1,1,DRAW
1038038,2023-10-08 19:00:00+00:00,2023,La Liga,Granada CF,Barcelona,2,2,DRAW
1038050,2023-10-20 19:00:00+00:00,2023,La Liga,Osasuna,Granada CF,2,0,WIN
1038048,2023-10-21 12:00:00+00:00,2023,La Liga,Real Sociedad,Mallorca,1,0,WIN
1038046,2023-10-21 14:15:00+00:00,2023,La Liga,Getafe,Real Betis,1,1,DRAW
1038049,2023-10-21 16:30:00+00:00,2023,La Liga,Sevilla,Real Madrid,1,1,DRAW
1038045,2023-10-21 19:00:00+00:00,2023,La Liga,Celta Vigo,Atletico Madrid,0,3,LOSS
1038042,2023-10-22 12:00:00+00:00,2023,La Liga,Las Palmas,Rayo Vallecano,0,1,LOSS
1038043,2023-10-22 14:15:00+00:00,2023,La Liga,Girona,Almeria,5,2,WIN
1038051,2023-10-22 16:30:00+00:00,2023,La Liga,Villarreal,Alaves,1,1,DRAW
1038044,2023-10-22 19:00:00+00:00,2023,La Liga,Barcelona,Athletic Club,1,0,WIN
1038047,2023-10-23 19:00:00+00:00,2023,La Liga,Valencia,Cadiz,2,0,WIN
1038059,2023-10-27 19:00:00+00:00,2023,La Liga,Girona,Celta Vigo,1,0,WIN
1038052,2023-10-28 12:00:00+00:00,2023,La Liga,Almeria,Las Palmas,1,2,LOSS
1038054,2023-10-28 14:15:00+00:00,2023,La Liga,Barcelona,Real Madrid,1,2,LOSS
1038060,2023-10-28 16:30:00+00:00,2023,La Liga,Mallorca,Getafe,0,0,DRAW
1038056,2023-10-28 19:00:00+00:00,2023,La Liga,Cadiz,Sevilla,2,2,DRAW
1038055,2023-10-29 13:00:00+00:00,2023,La Liga,Real Betis,Osasuna,2,1,WIN
1038057,2023-10-29 15:15:00+00:00,2023,La Liga,Rayo Vallecano,Real Sociedad,2,2,DRAW
1038053,2023-10-29 17:30:00+00:00,2023,La Liga,Athletic Club,Valencia,2,2,DRAW
1038061,2023-10-29 20:00:00+00:00,2023,La Liga,Atletico Madrid,Alaves,2,1,WIN
1038058,2023-10-30 20:00:00+00:00,2023,La Liga,Granada CF,Villarreal,2,3,LOSS
1038066,2023-11-03 20:00:00+00:00,2023,La Liga,Las Palmas,Atletico Madrid,2,1,WIN
1038069,2023-11-04 13:00:00+00:00,2023,La Liga,Osasuna,Girona,2,4,LOSS
1038062,2023-11-04 15:15:00+00:00,2023,La Liga,Real Betis,Mallorca,2,0,WIN
1038063,2023-11-04 17:30:00+00:00,2023,La Liga,Celta Vigo,Sevilla,1,1,DRAW
1038067,2023-11-04 20:00:00+00:00,2023,La Liga,Real Sociedad,Barcelona,0,1,LOSS
1038064,2023-11-05 13:00:00+00:00,2023,La Liga,Alaves,Almeria,1,0,WIN
1038071,2023-11-05 15:15:00+00:00,2023,La Liga,Valencia,Granada CF,1,0,WIN
1038065,2023-11-05 17:30:00+00:00,2023,La Liga,Villarreal,Athletic Club,2,3,LOSS
1038070,2023-11-05 20:00:00+00:00,2023,La Liga,Real Madrid,Rayo Vallecano,0,0,DRAW
1038068,2023-11-06 20:00:00+00:00,2023,La Liga,Getafe,Cadiz,1,0,WIN
1038073,2023-11-10 20:00:00+00:00,2023,La Liga,Athletic Club,Celta Vigo,4,3,WIN
1038079,2023-11-11 13:00:00+00:00,2023,La Liga,Rayo Vallecano,Girona,1,2,LOSS
1038072,2023-11-11 15:15:00+00:00,2023,La Liga,Almeria,Real Sociedad,1,3,LOSS
1038078,2023-11-11 17:30:00+00:00,2023,La Liga,Granada CF,Getafe,1,1,DRAW
1038080,2023-11-11 17:30:00+00:00,2023,La Liga,Osasuna,Las Palmas,1,1,DRAW
1038075,2023-11-11 20:00:00+00:00,2023,La Liga,Real Madrid,Valencia,5,1,WIN
1038081,2023-11-12 15:15:00+00:00,2023,La Liga,Barcelona,Alaves,2,1,WIN
1038076,2023-11-12 17:30:00+00:00,2023,La Liga,Sevilla,Real Betis,1,1,DRAW
1038074,2023-11-12 20:00:00+00:00,2023,La Liga,Atletico Madrid,Villarreal,3,1,WIN
1038086,2023-11-24 20:00:00+00:00,2023,La Liga,Alaves,Granada CF,3,1,WIN
1038089,2023-11-25 13:00:00+00:00,2023,La Liga,Rayo Vallecano,Barcelona,1,1,DRAW
1038090,2023-11-25 15:15:00+00:00,2023,La Liga,Valencia,Celta Vigo,0,0,DRAW
1038087,2023-11-25 17:30:00+00:00,2023,La Liga,Getafe,Almeria,2,1,WIN
1038082,2023-11-25 20:00:00+00:00,2023,La Liga,Atletico Madrid,Mallorca,1,0,WIN
1038091,2023-11-26 13:00:00+00:00,2023,La Liga,Villarreal,Osasuna,3,1,WIN
1038085,2023-11-26 15:15:00+00:00,2023,La Liga,Real Sociedad,Sevilla,2,1,WIN
1038084,2023-11-26 17:30:00+00:00,2023,La Liga,Cadiz,Real Madrid,0,3,LOSS
1038083,2023-11-26 20:00:00+00:00,2023,La Liga,Real Betis,Las Palmas,1,0,WIN
1038088,2023-11-27 20:00:00+00:00,2023,La Liga,Girona,Athletic Club,1,1,DRAW
1038077,2023-11-29 20:00:00+00:00,2023,La Liga,Mallorca,Cadiz,1,1,DRAW
1038099,2023-12-01 20:00:00+00:00,2023,La Liga,Las Palmas,Getafe,2,0,WIN
1038094,2023-12-02 13:00:00+00:00,2023,La Liga,Girona,Valencia,2,1,WIN
1038093,2023-12-02 15:15:00+00:00,2023,La Liga,Athletic Club,Rayo Vallecano,4,0,WIN
1038100,2023-12-02 17:30:00+00:00,2023,La Liga,Real Madrid,Granada CF,2,0,WIN
1038095,2023-12-02 20:00:00+00:00,2023,La Liga,Osasuna,Real Sociedad,1,1,DRAW
1038101,2023-12-03 13:00:00+00:00,2023,La Liga,Mallorca,Alaves,0,0,DRAW
1038092,2023-12-03 15:15:00+00:00,2023,La Liga,Almeria,Real Betis,0,0,DRAW
1038096,2023-12-03 17:30:00+00:00,2023,La Liga,Sevilla,Villarreal,1,1,DRAW
1038097,2023-12-03 20:00:00+00:00,2023,La Liga,Barcelona,Atletico Madrid,1,0,WIN
1038098,2023-12-04 20:00:00+00:00,2023,La Liga,Celta Vigo,Cadiz,1,1,DRAW
1038105,2023-12-08 20:00:00+00:00,2023,La Liga,Getafe,Valencia,1,0,WIN
1038107,2023-12-09 13:00:00+00:00,2023,La Liga,Alaves,Las Palmas,0,1,LOSS
1038103,2023-12-09 15:15:00+00:00,2023,La Liga,Real Betis,Real Madrid,1,1,DRAW
1038111,2023-12-09 17:30:00+00:00,2023,La Liga,Villarreal,Real Sociedad,0,3,LOSS
1038106,2023-12-09 20:00:00+00:00,2023,La Liga,Mallorca,Sevilla,1,0,WIN
1038108,2023-12-10 13:00:00+00:00,2023,La Liga,Atletico Madrid,Almeria,2,1,WIN
1038104,2023-12-10 17:30:00+00:00,2023,La Liga,Cadiz,Osasuna,1,1,DRAW
1038102,2023-12-10 20:00:00+00:00,2023,La Liga,Barcelona,Girona,2,4,LOSS
1038109,2023-12-11 15:15:00+00:00,2023,La Liga,Granada CF,Athletic Club,1,1,DRAW
1038110,2023-12-11 20:00:00+00:00,2023,La Liga,Rayo Vallecano,Celta Vigo,0,0,DRAW
1038115,2023-12-15 20:00:00+00:00,2023,La Liga,Osasuna,Rayo Vallecano,1,0,WIN
1038114,2023-12-16 13:00:00+00:00,2023,La Liga,Celta Vigo,Granada CF,1,0,WIN
1038113,2023-12-16 15:15:00+00:00,2023,La Liga,Athletic Club,Atletico Madrid,2,0,WIN
1038120,2023-12-16 17:30:00+00:00,2023,La Liga,Sevilla,Getafe,0,3,LOSS
1038117,2023-12-16 20:00:00+00:00,2023,La Liga,Valencia,Barcelona,1,1,DRAW
1038112,2023-12-17 13:00:00+00:00,2023,La Liga,Almeria,Mallorca,0,0,DRAW
1038118,2023-12-17 15:15:00+00:00,2023,La Liga,Real Sociedad,Real Betis,0,0,DRAW
1038119,2023-12-17 17:30:00+00:00,2023,La Liga,Las Palmas,Cadiz,1,1,DRAW
1038116,2023-12-17 20:00:00+00:00,2023,La Liga,Real Madrid,Villarreal,4,1,WIN
1038121,2023-12-18 20:00:00+00:00,2023,La Liga,Girona,Alaves,3,0,WIN
1038127,2023-12-19 18:00:00+00:00,2023,La Liga,Rayo Vallecano,Valencia,0,1,LOSS
1038123,2023-12-19 20:30:00+00:00,2023,La Liga,Atletico Madrid,Getafe,3,3,DRAW
1038128,2023-12-19 20:30:00+00:00,2023,La Liga,Granada CF,Sevilla,0,3,LOSS
1038130,2023-12-20 18:00:00+00:00,2023,La Liga,Barcelona,Almeria,3,2,WIN
1038122,2023-12-20 20:30:00+00:00,2023,La Liga,Athletic Club,Las Palmas,1,0,WIN
1038131,2023-12-20 20:30:00+00:00,2023,La Liga,Villarreal,Celta Vigo,3,2,WIN
1038124,2023-12-21 18:00:00+00:00,2023,La Liga,Real Betis,Girona,1,1,DRAW
1038125,2023-12-21 18:00:00+00:00,2023,La Liga,Cadiz,Real Sociedad,0,0,DRAW
1038129,2023-12-21 20:30:00+00:00,2023,La Liga,Alaves,Real Madrid,0,1,LOSS
1038126,2023-12-21 20:30:00+00:00,2023,La Liga,Mallorca,Osasuna,3,2,WIN
1037983,2023-12-23 15:15:00+00:00,2023,La Liga,Atletico Madrid,Sevilla,1,0,WIN
1038132,2024-01-02 16:00:00+00:00,2023,La Liga,Getafe,Rayo Vallecano,0,2,LOSS
1038141,2024-01-02 18:15:00+00:00,2023,La Liga,Real Sociedad,Alaves,1,1,DRAW
1038133,2024-01-02 20:30:00+00:00,2023,La Liga,Valencia,Villarreal,3,1,WIN
1038139,2024-01-03 16:00:00+00:00,2023,La Liga,Granada CF,Cadiz,2,0,WIN
1038138,2024-01-03 18:15:00+00:00,2023,La Liga,Celta Vigo,Real Betis,2,1,WIN
1038140,2024-01-03 18:15:00+00:00,2023,La Liga,Real Madrid,Mallorca,1,0,WIN
1038136,2024-01-03 20:30:00+00:00,2023,La Liga,Girona,Atletico Madrid,4,3,WIN
1038134,2024-01-04 16:00:00+00:00,2023,La Liga,Osasuna,Almeria,1,0,WIN
1038135,2024-01-04 18:15:00+00:00,2023,La Liga,Sevilla,Athletic Club,0,2,LOSS
1038137,2024-01-04 20:30:00+00:00,2023,La Liga,Las Palmas,Barcelona,1,2,LOSS
1038151,2024-01-12 20:00:00+00:00,2023,La Liga,Sevilla,Alaves,2,3,LOSS
1038149,2024-01-13 13:00:00+00:00,2023,La Liga,Las Palmas,Villarreal,3,0,WIN
1038150,2024-01-13 15:15:00+00:00,2023,La Liga,Mallorca,Celta Vigo,1,1,DRAW
1038143,2024-01-13 17:30:00+00:00,2023,La Liga,Athletic Club,Real Sociedad,2,1,WIN
1038146,2024-01-13 20:00:00+00:00,2023,La Liga,Real Betis,Granada CF,1,0,WIN
1038142,2024-01-14 13:00:00+00:00,2023,La Liga,Almeria,Girona,0,0,DRAW
1038147,2024-01-14 15:15:00+00:00,2023,La Liga,Cadiz,Valencia,1,4,LOSS
1038154,2024-01-19 20:00:00+00:00,2023,La Liga,Alaves,Cadiz,1,0,WIN
1038161,2024-01-20 13:00:00+00:00,2023,La Liga,Rayo Vallecano,Las Palmas,0,2,LOSS
1038160,2024-01-20 15:15:00+00:00,2023,La Liga,Villarreal,Mallorca,1,1,DRAW
1038156,2024-01-20 17:30:00+00:00,2023,La Liga,Valencia,Athletic Club,1,0,WIN
1038152,2024-01-20 20:00:00+00:00,2023,La Liga,Celta Vigo,Real Sociedad,0,1,LOSS
1038159,2024-01-21 13:00:00+00:00,2023,La Liga,Osasuna,Getafe,3,2,WIN
1038155,2024-01-21 15:15:00+00:00,2023,La Liga,Real Madrid,Almeria,3,2,WIN
1038158,2024-01-21 17:30:00+00:00,2023,La Liga,Real Betis,Barcelona,2,4,LOSS
1038153,2024-01-21 20:00:00+00:00,2023,La Liga,Girona,Sevilla,5,1,WIN
1038157,2024-01-22 20:00:00+00:00,2023,La Liga,Granada CF,Atletico Madrid,0,1,LOSS
1038171,2024-01-26 20:00:00+00:00,2023,La Liga,Almeria,Alaves,0,3,LOSS
1038170,2024-01-27 13:00:00+00:00,2023,La Liga,Real Sociedad,Rayo Vallecano,0,0,DRAW
1038166,2024-01-27 15:15:00+00:00,2023,La Liga,Las Palmas,Real Madrid,1,2,LOSS
1038163,2024-01-27 17:30:00+00:00,2023,La Liga,Barcelona,Villarreal,3,5,LOSS
1038168,2024-01-27 20:00:00+00:00,2023,La Liga,Mallorca,Real Betis,0,1,LOSS
1038164,2024-01-28 13:00:00+00:00,2023,La Liga,Celta Vigo,Girona,0,1,LOSS
1038167,2024-01-28 15:15:00+00:00,2023,La Liga,Cadiz,Athletic Club,0,0,DRAW
1038169,2024-01-28 17:30:00+00:00,2023,La Liga,Sevilla,Osasuna,1,1,DRAW
1038162,2024-01-28 20:00:00+00:00,2023,La Liga,Atletico Madrid,Valencia,2,0,WIN
1038165,2024-01-29 20:00:00+00:00,2023,La Liga,Getafe,Granada CF,2,0,WIN
1038145,2024-01-31 18:00:00+00:00,2023,La Liga,Barcelona,Osasuna,1,0,WIN
1038144,2024-01-31 20:00:00+00:00,2023,La Liga,Atletico Madrid,Rayo Vallecano,2,1,WIN
1038148,2024-02-01 20:00:00+00:00,2023,La Liga,Getafe,Real Madrid,0,2,LOSS
1038172,2024-02-02 20:00:00+00:00,2023,La Liga,Athletic Club,Mallorca,4,0,WIN
1038178,2024-02-03 13:00:00+00:00,2023,La Liga,Valencia,Almeria,2,1,WIN
1038176,2024-02-03 15:15:00+00:00,2023,La Liga,Granada CF,Las Palmas,1,1,DRAW
1038177,2024-02-03 17:30:00+00:00,2023,La Liga,Alaves,Barcelona,1,3,LOSS
1038174,2024-02-03 20:00:00+00:00,2023,La Liga,Girona,Real Sociedad,0,0,DRAW
1038180,2024-02-04 13:00:00+00:00,2023,La Liga,Villarreal,Cadiz,0,0,DRAW
1038181,2024-02-04 15:15:00+00:00,2023,La Liga,Osasuna,Celta Vigo,0,3,LOSS
1038173,2024-02-04 17:30:00+00:00,2023,La Liga,Real Betis,Getafe,1,1,DRAW
1038179,2024-02-04 20:00:00+00:00,2023,La Liga,Real Madrid,Atletico Madrid,1,1,DRAW
1038175,2024-02-05 20:00:00+00:00,2023,La Liga,Rayo Vallecano,Sevilla,1,2,LOSS
1038188,2024-02-09 20:00:00+00:00,2023,La Liga,Cadiz,Real Betis,0,2,LOSS
1038186,2024-02-10 13:00:00+00:00,2023,La Liga,Alaves,Villarreal,1,1,DRAW
1038191,2024-02-10 15:15:00+00:00,2023,La Liga,Real Sociedad,Osasuna,0,1,LOSS
1038190,2024-02-10 17:30:00+00:00,2023,La Liga,Real Madrid,Girona,4,0,WIN
1038185,2024-02-10 20:00:00+00:00,2023,La Liga,Las Palmas,Valencia,2,0,WIN
1038189,2024-02-11 13:00:00+00:00,2023,La Liga,Getafe,Celta Vigo,3,2,WIN
1038184,2024-02-11 15:15:00+00:00,2023,La Liga,Mallorca,Rayo Vallecano,2,1,WIN
1038187,2024-02-11 17:30:00+00:00,2023,La Liga,Sevilla,Atletico Madrid,1,0,WIN
1038183,2024-02-11 20:00:00+00:00,2023,La Liga,Barcelona,Granada CF,3,3,DRAW
1038182,2024-02-12 20:00:00+00:00,2023,La Liga,Almeria,Athletic Club,0,0,DRAW
1038199,2024-02-16 20:00:00+00:00,2023,La Liga,Villarreal,Getafe,1,1,DRAW
1038193,2024-02-17 13:00:00+00:00,2023,La Liga,Atletico Madrid,Las Palmas,5,0,WIN
1038198,2024-02-17 15:15:00+00:00,2023,La Liga,Osasuna,Cadiz,2,0,WIN
1038197,2024-02-17 17:30:00+00:00,2023,La Liga,Celta Vigo,Barcelona,1,2,LOSS
1038200,2024-02-17 20:00:00+00:00,2023,La Liga,Valencia,Sevilla,0,0,DRAW
1038195,2024-02-18 13:00:00+00:00,2023,La Liga,Rayo Vallecano,Real Madrid,1,1,DRAW
1038196,2024-02-18 15:15:00+00:00,2023,La Liga,Granada CF,Almeria,1,1,DRAW
1038194,2024-02-18 17:30:00+00:00,2023,La Liga,Mallorca,Real Sociedad,1,2,LOSS
1038201,2024-02-18 20:00:00+00:00,2023,La Liga,Real Betis,Alaves,0,0,DRAW
1038192,2024-02-19 20:00:00+00:00,2023,La Liga,Athletic Club,Girona,3,2,WIN
1038207,2024-02-23 20:00:00+00:00,2023,La Liga,Real Sociedad,Villarreal,1,3,LOSS
1038203,2024-02-24 15:15:00+00:00,2023,La Liga,Barcelona,Getafe,4,0,WIN
1038210,2024-02-24 17:30:00+00:00,2023,La Liga,Alaves,Mallorca,1,1,DRAW
1038202,2024-02-24 20:00:00+00:00,2023,La Liga,Almeria,Atletico Madrid,2,2,DRAW
1038204,2024-02-25 13:00:00+00:00,2023,La Liga,Cadiz,Celta Vigo,2,2,DRAW
1038211,2024-02-25 15:15:00+00:00,2023,La Liga,Real Betis,Athletic Club,3,1,WIN
1038209,2024-02-25 17:30:00+00:00,2023,La Liga,Las Palmas,Osasuna,1,1,DRAW
1038206,2024-02-25 20:00:00+00:00,2023,La Liga,Real Madrid,Sevilla,1,0,WIN
1038205,2024-02-26 20:00:00+00:00,2023,La Liga,Girona,Rayo Vallecano,3,0,WIN
1038215,2024-03-01 20:00:00+00:00,2023,La Liga,Celta Vigo,Almeria,1,0,WIN
1038219,2024-03-02 13:00:00+00:00,2023,La Liga,Sevilla,Real Sociedad,3,2,WIN
1038216,2024-03-02 15:15:00+00:00,2023,La Liga,Rayo Vallecano,Cadiz,1,1,DRAW
1038214,2024-03-02 17:30:00+00:00,2023,La Liga,Getafe,Las Palmas,3,3,DRAW
1038218,2024-03-02 20:00:00+00:00,2023,La Liga,Valencia,Real Madrid,2,2,DRAW
1038220,2024-03-03 13:00:00+00:00,2023,La Liga,Villarreal,Granada CF,5,1,WIN
1038213,2024-03-03 15:15:00+00:00,2023,La Liga,Atletico Madrid,Real Betis,2,1,WIN
1038217,2024-03-03 17:30:00+00:00,2023,La Liga,Mallorca,Girona,1,0,WIN
1038212,2024-03-03 20:00:00+00:00,2023,La Liga,Athletic Club,Barcelona,0,0,DRAW
1038221,2024-03-04 20:00:00+00:00,2023,La Liga,Osasuna,Alaves,1,0,WIN
1038223,2024-03-08 20:00:00+00:00,2023,La Liga,Barcelona,Mallorca,1,0,WIN
1038231,2024-03-09 13:00:00+00:00,2023,La Liga,Valencia,Getafe,1,0,WIN
1038229,2024-03-09 15:15:00+00:00,2023,La Liga,Cadiz,Atletico Madrid,2,0,WIN
1038226,2024-03-09 17:30:00+00:00,2023,La Liga,Granada CF,Real Sociedad,2,3,LOSS
1038225,2024-03-09 20:00:00+00:00,2023,La Liga,Girona,Osasuna,2,0,WIN
1038227,2024-03-10 13:00:00+00:00,2023,La Liga,Alaves,Rayo Vallecano,1,0,WIN
1038228,2024-03-10 15:15:00+00:00,2023,La Liga,Las Palmas,Athletic Club,0,2,LOSS
1038230,2024-03-10 17:30:00+00:00,2023,La Liga,Real Madrid,Celta Vigo,4,0,WIN
1038224,2024-03-10 20:00:00+00:00,2023,La Liga,Real Betis,Villarreal,2,3,LOSS
1038222,2024-03-11 20:00:00+00:00,2023,La Liga,Almeria,Sevilla,2,2,DRAW
1038237,2024-03-15 20:00:00+00:00,2023,La Liga,Real Sociedad,Cadiz,2,0,WIN
1038240,2024-03-16 13:00:00+00:00,2023,La Liga,Mallorca,Granada CF,1,0,WIN
1038234,2024-03-16 15:15:00+00:00,2023,La Liga,Osasuna,Real Madrid,2,4,LOSS
1038233,2024-03-16 17:30:00+00:00,2023,La Liga,Getafe,Girona,1,0,WIN
1038241,2024-03-16 20:00:00+00:00,2023,La Liga,Athletic Club,Alaves,2,0,WIN
1038238,2024-03-17 13:00:00+00:00,2023,La Liga,Sevilla,Celta Vigo,1,2,LOSS
1038239,2024-03-17 15:15:00+00:00,2023,La Liga,Villarreal,Valencia,1,0,WIN
1038235,2024-03-17 15:15:00+00:00,2023,La Liga,Las Palmas,Almeria,0,1,LOSS
1038236,2024-03-17 17:30:00+00:00,2023,La Liga,Rayo Vallecano,Real Betis,2,0,WIN
1038232,2024-03-17 20:00:00+00:00,2023,La Liga,Atletico Madrid,Barcelona,0,3,LOSS
1038244,2024-03-29 20:00:00+00:00,2023,La Liga,Cadiz,Granada CF,1,0,WIN
1038246,2024-03-30 13:00:00+00:00,2023,La Liga,Getafe,Sevilla,0,1,LOSS
1038242,2024-03-30 15:15:00+00:00,2023,La Liga,Almeria,Osasuna,0,3,LOSS
1038251,2024-03-30 17:30:00+00:00,2023,La Liga,Valencia,Mallorca,0,0,DRAW
1038243,2024-03-30 20:00:00+00:00,2023,La Liga,Barcelona,Las Palmas,1,0,WIN
1038245,2024-03-31 12:00:00+00:00,2023,La Liga,Celta Vigo,Rayo Vallecano,0,0,DRAW
1038250,2024-03-31 14:15:00+00:00,2023,La Liga,Girona,Real Betis,3,2,WIN
1038247,2024-03-31 16:30:00+00:00,2023,La Liga,Alaves,Real Sociedad,0,1,LOSS
1038248,2024-03-31 19:00:00+00:00,2023,La Liga,Real Madrid,Athletic Club,2,0,WIN
1038249,2024-04-01 19:00:00+00:00,2023,La Liga,Villarreal,Atletico Madrid,1,2,LOSS
1038208,2024-04-04 18:00:00+00:00,2023,La Liga,Granada CF,Valencia,0,1,LOSS
1038254,2024-04-12 19:00:00+00:00,2023,La Liga,Real Betis,Celta Vigo,2,1,WIN
1038253,2024-04-13 12:00:00+00:00,2023,La Liga,Atletico Madrid,Girona,3,1,WIN
1038260,2024-04-13 14:15:00+00:00,2023,La Liga,Rayo Vallecano,Getafe,0,0,DRAW
1038255,2024-04-13 16:30:00+00:00,2023,La Liga,Mallorca,Real Madrid,0,1,LOSS
1038259,2024-04-13 19:00:00+00:00,2023,La Liga,Cadiz,Barcelona,0,1,LOSS
1038257,2024-04-14 12:00:00+00:00,2023,La Liga,Las Palmas,Sevilla,0,2,LOSS
1038261,2024-04-14 14:15:00+00:00,2023,La Liga,Granada CF,Alaves,2,0,WIN
1038252,2024-04-14 16:30:00+00:00,2023,La Liga,Athletic Club,Villarreal,1,1,DRAW
1038258,2024-04-14 19:00:00+00:00,2023,La Liga,Real Sociedad,Almeria,2,2,DRAW
1038256,2024-04-15 19:00:00+00:00,2023,La Liga,Osasuna,Valencia,0,1,LOSS
1038263,2024-04-19 19:00:00+00:00,2023,La Liga,Athletic Club,Granada CF,1,1,DRAW
1038264,2024-04-20 12:00:00+00:00,2023,La Liga,Celta Vigo,Las Palmas,4,1,WIN
1038271,2024-04-20 14:15:00+00:00,2023,La Liga,Rayo Vallecano,Osasuna,2,1,WIN
1038268,2024-04-20 16:30:00+00:00,2023,La Liga,Valencia,Real Betis,1,2,LOSS
1038269,2024-04-20 19:00:00+00:00,2023,La Liga,Girona,Cadiz,4,1,WIN
1038265,2024-04-21 12:00:00+00:00,2023,La Liga,Getafe,Real Sociedad,1,1,DRAW
1038262,2024-04-21 14:15:00+00:00,2023,La Liga,Almeria,Villarreal,1,2,LOSS
1038266,2024-04-21 16:30:00+00:00,2023,La Liga,Alaves,Atletico Madrid,2,0,WIN
1038267,2024-04-21 19:00:00+00:00,2023,La Liga,Real Madrid,Barcelona,3,2,WIN
1038270,2024-04-22 19:00:00+00:00,2023,La Liga,Sevilla,Mallorca,2,1,WIN
1038281,2024-04-26 19:00:00+00:00,2023,La Liga,Real Sociedad,Real Madrid,0,1,LOSS
1038279,2024-04-27 12:00:00+00:00,2023,La Liga,Las Palmas,Girona,0,2,LOSS
1038272,2024-04-27 14:15:00+00:00,2023,La Liga,Almeria,Getafe,1,3,LOSS
1038277,2024-04-27 16:30:00+00:00,2023,La Liga,Alaves,Celta Vigo,3,0,WIN
1038278,2024-04-27 19:00:00+00:00,2023,La Liga,Atletico Madrid,Athletic Club,3,1,WIN
1038275,2024-04-28 12:00:00+00:00,2023,La Liga,Cadiz,Mallorca,1,1,DRAW
1038276,2024-04-28 14:15:00+00:00,2023,La Liga,Granada CF,Osasuna,3,0,WIN
1038280,2024-04-28 16:30:00+00:00,2023,La Liga,Villarreal,Rayo Vallecano,3,0,WIN
1038274,2024-04-28 19:00:00+00:00,2023,La Liga,Real Betis,Sevilla,1,1,DRAW
1038273,2024-04-29 19:00:00+00:00,2023,La Liga,Barcelona,Valencia,4,2,WIN
1038284,2024-05-03 19:00:00+00:00,2023,La Liga,Getafe,Athletic Club,0,2,LOSS
1038290,2024-05-04 12:00:00+00:00,2023,La Liga,Real Sociedad,Las Palmas,2,0,WIN
1038288,2024-05-04 14:15:00+00:00,2023,La Liga,Real Madrid,Cadiz,3,0,WIN
1038286,2024-05-04 16:30:00+00:00,2023,La Liga,Girona,Barcelona,4,2,WIN
1038285,2024-05-04 19:00:00+00:00,2023,La Liga,Mallorca,Atletico Madrid,0,1,LOSS
1038287,2024-05-05 12:00:00+00:00,2023,La Liga,Osasuna,Real Betis,0,2,LOSS
1038282,2024-05-05 14:15:00+00:00,2023,La Liga,Celta Vigo,Villarreal,3,2,WIN
1038291,2024-05-05 16:30:00+00:00,2023,La Liga,Valencia,Alaves,0,1,LOSS
1038289,2024-05-05 19:00:00+00:00,2023,La Liga,Sevilla,Granada CF,3,0,WIN
1038283,2024-05-05 19:00:00+00:00,2023,La Liga,Rayo Vallecano,Almeria,0,1,LOSS
1038297,2024-05-10 19:00:00+00:00,2023,La Liga,Alaves,Girona,2,2,DRAW
1038301,2024-05-11 12:00:00+00:00,2023,La Liga,Mallorca,Las Palmas,1,0,WIN
1038300,2024-05-11 14:15:00+00:00,2023,La Liga,Villarreal,Sevilla,3,2,WIN
1038296,2024-05-11 16:30:00+00:00,2023,La Liga,Granada CF,Real Madrid,0,4,LOSS
1038292,2024-05-11 19:00:00+00:00,2023,La Liga,Athletic Club,Osasuna,2,2,DRAW
1038295,2024-05-12 12:00:00+00:00,2023,La Liga,Cadiz,Getafe,1,0,WIN
1038293,2024-05-12 14:15:00+00:00,2023,La Liga,Atletico Madrid,Celta Vigo,1,0,WIN
1038299,2024-05-12 16:30:00+00:00,2023,La Liga,Valencia,Rayo Vallecano,0,0,DRAW
1038298,2024-05-12 19:00:00+00:00,2023,La Liga,Real Betis,Almeria,3,2,WIN
1038294,2024-05-13 19:00:00+00:00,2023,La Liga,Barcelona,Real Sociedad,2,0,WIN
1038309,2024-05-14 17:30:00+00:00,2023,La Liga,Osasuna,Mallorca,1,1,DRAW
1038311,2024-05-14 19:30:00+00:00,2023,La Liga,Real Madrid,Alaves,5,0,WIN
1038303,2024-05-14 20:00:00+00:00,2023,La Liga,Girona,Villarreal,0,1,LOSS
1038308,2024-05-15 17:30:00+00:00,2023,La Liga,Sevilla,Cadiz,0,1,LOSS
1038310,2024-05-15 17:30:00+00:00,2023,La Liga,Rayo Vallecano,Granada CF,2,1,WIN
1038305,2024-05-15 20:00:00+00:00,2023,La Liga,Celta Vigo,Athletic Club,2,1,WIN
1038306,2024-05-15 20:00:00+00:00,2023,La Liga,Getafe,Atletico Madrid,0,3,LOSS
1038307,2024-05-16 17:30:00+00:00,2023,La Liga,Las Palmas,Real Betis,2,2,DRAW
1038302,2024-05-16 19:30:00+00:00,2023,La Liga,Almeria,Barcelona,0,2,LOSS
1038304,2024-05-16 20:00:00+00:00,2023,La Liga,Real Sociedad,Valencia,1,0,WIN
1038317,2024-05-18 19:00:00+00:00,2023,La Liga,Alaves,Getafe,1,0,WIN
1038314,2024-05-19 17:00:00+00:00,2023,La Liga,Barcelona,Rayo Vallecano,3,0,WIN
1038313,2024-05-19 17:00:00+00:00,2023,La Liga,Atletico Madrid,Osasuna,1,4,LOSS
1038312,2024-05-19 17:00:00+00:00,2023,La Liga,Athletic Club,Sevilla,2,0,WIN
1038320,2024-05-19 17:00:00+00:00,2023,La Liga,Valencia,Girona,1,3,LOSS
1038321,2024-05-19 17:00:00+00:00,2023,La Liga,Villarreal,Real Madrid,4,4,DRAW
1038315,2024-05-19 17:00:00+00:00,2023,La Liga,Real Betis,Real Sociedad,0,2,LOSS
1038319,2024-05-19 17:00:00+00:00,2023,La Liga,Granada CF,Celta Vigo,1,2,LOSS
1038316,2024-05-19 17:00:00+00:00,2023,La Liga,Cadiz,Las Palmas,0,0,DRAW
1038318,2024-05-19 17:00:00+00:00,2023,La Liga,Mallorca,Almeria,2,2,DRAW
1038325,2024-05-24 19:00:00+00:00,2023,La Liga,Girona,Granada CF,7,0,WIN
1038326,2024-05-25 12:00:00+00:00,2023,La Liga,Osasuna,Villarreal,1,1,DRAW
1038328,2024-05-25 14:15:00+00:00,2023,La Liga,Real Sociedad,Atletico Madrid,0,2,LOSS
1038322,2024-05-25 16:30:00+00:00,2023,La Liga,Almeria,Cadiz,6,1,WIN
1038327,2024-05-25 16:30:00+00:00,2023,La Liga,Rayo Vallecano,Athletic Club,0,1,LOSS
1038330,2024-05-25 19:00:00+00:00,2023,La Liga,Real Madrid,Real Betis,0,0,DRAW
1038324,2024-05-26 12:00:00+00:00,2023,La Liga,Getafe,Mallorca,1,2,LOSS
1038331,2024-05-26 14:15:00+00:00,2023,La Liga,Las Palmas,Alaves,1,1,DRAW
1038323,2024-05-26 14:15:00+00:00,2023,La Liga,Celta Vigo,Valencia,2,2,DRAW
1038329,2024-05-26 19:00:00+00:00,2023,La Liga,Sevilla,Barcelona,1,2,LOSS
